case_id,sample_name,original_id,top_k,sample_bucket,sufficiency_label,question,gold_answer,model_answer,em,f1,taxonomy,raw_taxonomy,answer_supported_by_context,gold_supported_by_context,confidence,short_reason,context_titles,error
natural_qa120::5add23d05542994734353871::top5,natural_qa120,5add23d05542994734353871,5,top5_sufficient,sufficient,What is the primary duty of the Austrian Pinscher and the Maremma Sheepdog?,to guard,"Guarding livestock and farms, protecting sheep from wolves.",0.0,0.0,answer_alias_or_metric_mismatch,answer_alias_or_metric_mismatch,true,true,high,"Model answer 'Guarding livestock and farms, protecting sheep from wolves' semantically matches gold answer 'to guard'; both indicate guarding as the primary duty. The model provides expanded detail (guarding livestock, farms, protecting sheep from wolves) that aligns with context showing Austrian Pinscher as 'home guards, livestock guardians' and Maremma Sheepdog as 'livestock guardian dog' used 'to guard sheep from wolves'. The gold answer is very brief while model answer gives the same core meaning with more specificity.",Austrian Pinscher || Maremma Sheepdog || Maremma || Pinscher || Austria,
natural_qa120::5add23d05542994734353871::top20,natural_qa120,5add23d05542994734353871,20,top5_sufficient,sufficient,What is the primary duty of the Austrian Pinscher and the Maremma Sheepdog?,to guard,Ratting and guarding livestock and property.,0.0,0.0,answer_alias_or_metric_mismatch,answer_alias_or_metric_mismatch,true,true,high,Model answer 'Ratting and guarding livestock and property' includes the gold answer 'to guard' as the primary duty for both breeds; the model answer is more detailed but semantically equivalent to the gold answer.,Austrian Pinscher || Maremma Sheepdog || Maremma || Pinscher || Austria || Polish Tatra Sheepdog || Dog || Livestock guardian dog || Dog breed || Rat || Dog type || Working dog || Abruzzo || Central Italy || Akbash dog || Gray wolf || Hungary || Kuvasz || Lazio || Poland,
natural_qa120::5a82d71555429966c78a6a94::top5,natural_qa120,5a82d71555429966c78a6a94,5,top5_sufficient,sufficient,Were the Tundra Mine and Negus Mine located in the same country?,yes,"Yes, both were located in Canada's Northwest Territories.",0.0,0.2222222222222222,answer_alias_or_metric_mismatch,answer_alias_or_metric_mismatch,true,true,high,"Model answer 'Yes, both were located in Canada's Northwest Territories' is semantically equivalent to gold answer 'yes' for this yes/no question; model just provides additional location detail that confirms same-country status.",Negus Mine || Tundra Mine || Canada || Con Mine || Tundra Mine/Salamita Mine Aerodrome,
natural_qa120::5a82d71555429966c78a6a94::top20,natural_qa120,5a82d71555429966c78a6a94,20,top5_sufficient,sufficient,Were the Tundra Mine and Negus Mine located in the same country?,yes,"Yes, both were located in Canada.",0.0,0.2857142857142857,answer_alias_or_metric_mismatch,answer_alias_or_metric_mismatch,true,true,high,"Model answer 'Yes, both were located in Canada' is semantically equivalent to gold answer 'yes'; both correctly indicate the mines were in the same country. Exact match failure due to different format/verbosity, not content error.",Negus Mine || Tundra Mine || Canada || Con Mine || Tundra Mine/Salamita Mine Aerodrome || Negus || Yellowknife || Location identifier || Northwest Territories || Transport Canada || Negus (surname) || Gold || Oidaematophorus negus || James Negus || Lepidochrysops negus || Aerodrome || Francis Negus || Negus (disambiguation) || Lophostethus negus || Negus (drink),
natural_qa120::5a74a26a55429979e28829d6::top5,natural_qa120,5a74a26a55429979e28829d6,5,top5_sufficient,sufficient,"Which composer was born earlier, Paul Hindemith or Béla Bartók?",Béla Viktor János Bartók,Béla Bartók,0.0,0.6666666666666666,answer_alias_or_metric_mismatch,answer_alias_or_metric_mismatch,true,true,high,Model answer 'Béla Bartók' is semantically equivalent to gold answer 'Béla Viktor János Bartók'; both correctly identify Bartók as born earlier (1881 vs 1895). The model simply used the common name instead of full name.,Béla Bartók || Sonata for Solo Cello (Crumb) || Paul Hindemith || Avant-garde || List of compositions by Paul Hindemith,
natural_qa120::5a74a26a55429979e28829d6::top20,natural_qa120,5a74a26a55429979e28829d6,20,top5_sufficient,sufficient,"Which composer was born earlier, Paul Hindemith or Béla Bartók?",Béla Viktor János Bartók,Béla Bartók,0.0,0.6666666666666666,answer_alias_or_metric_mismatch,answer_alias_or_metric_mismatch,true,true,high,"Model correctly identified Bartók as born earlier using common name 'Béla Bartók', while gold answer used full name 'Béla Viktor János Bartók'. Both refer to the same composer and are supported by birth dates in context (Bartók 1881, Hindemith 1895).",Béla Bartók || Sonata for Solo Cello (Crumb) || Paul Hindemith || Avant-garde || List of compositions by Paul Hindemith || George Crumb || Musical composition || Composer || Symphony in B-flat for Band (Hindemith) || List of operas by Hindemith || Das Marienleben || Germans || Béla Bartók Music High School || Kammermusik (Hindemith) || Conducting || Bartok (disambiguation) || Germany || Piano Sonata No. 1 (Hindemith) || United States Army Band || Bartók (crater),
natural_qa120::5abc219655429959677d6a1d::top5,natural_qa120,5abc219655429959677d6a1d,5,rescued_by_top20,insufficient,Which comic book was also written by the writer of Crossed?,"the Vertigo series ""Preacher""",Stray Bullets,0.0,0.0,generation_failure,generation_failure,false,false,high,"Model answer Stray Bullets was written by David Lapham (who wrote later Crossed volumes), but retrieved context only mentions Garth Ennis as the original Crossed writer; neither Preacher nor the correct writer-connection is established in context.",Crossed (comics) || Comic book || Star Crossed (comics) || Avatar Press || David Lapham,
natural_qa120::5abc219655429959677d6a1d::top20,natural_qa120,5abc219655429959677d6a1d,20,rescued_by_top20,sufficient,Which comic book was also written by the writer of Crossed?,"the Vertigo series ""Preacher""",Preacher,0.0,0.5,answer_alias_or_metric_mismatch,answer_alias_or_metric_mismatch,true,true,high,Model answer 'Preacher' is semantically equivalent to gold answer 'the Vertigo series Preacher'. The retrieved context confirms Garth Ennis wrote both Crossed and Preacher.,Crossed (comics) || Comic book || Star Crossed (comics) || Avatar Press || David Lapham || Matt Howarth || DC Comics || Jacen Burrows || Glenn Greenberg || Webcomic || Ade Capone || Garth Ennis || Jan (comic book writer) || Mike Costa || Limited series || Imprint (trade name) || Crossed (novel) || Asteroid || 1997 in comics || Helix (comics),
natural_qa120::5abce7d755429959677d6b3a::top20,natural_qa120,5abce7d755429959677d6b3a,20,unresolved_top20,insufficient,Docks has hosted the funk rock band formed in what city in 1983?,Los Angeles,Melbourne,0.0,0.0,retrieval_insufficient,retrieval_insufficient,false,false,high,"Retrieved context shows I'm Talking as funk-pop rock band formed in 1983 in Melbourne (matching model answer), and Rock Candy Funk Party in Los Angeles but no 1983 formation date or Docks connection; context lacks evidence for gold answer Los Angeles for a 1983 funk rock band.",Funk rock || Cuibul || Lafayette Afro Rock Band || U.D.R. || The Headhunters || Whiteface (band) || Love and Money (band) || Hadorbanim || Alta Moda || Safam || Stress (pop rock band) || Giuffria || I'm Talking || Funk || Efecto Pasillo || Ausgang || Of Good Nature || Rock Candy Funk Party || Swanee River (band) || Midas (Japanese band),
natural_qa120::5ab6cebd55429954757d3378::top5,natural_qa120,5ab6cebd55429954757d3378,5,top5_sufficient,sufficient,What kind of act does Whaling in Australia and Right whale have in common?,hunt,Whaling,0.0,0.0,generation_failure,generation_failure,false,true,high,Model answered 'Whaling' (the activity topic) instead of 'hunt' (the specific act). Context supports that both involve hunting/killing whales for commercial purposes.,Whale watching in Australia || Whaling in Australia || Right whale || Whaling in New Zealand || Right Whale Bay,
natural_qa120::5ab6cebd55429954757d3378::top20,natural_qa120,5ab6cebd55429954757d3378,20,top5_sufficient,sufficient,What kind of act does Whaling in Australia and Right whale have in common?,hunt,Whaling,0.0,0.0,answer_alias_or_metric_mismatch,answer_alias_or_metric_mismatch,true,true,high,Model answered 'Whaling' while gold expects 'hunt'; context defines whaling as hunting but model provided the broader activity name instead of the specific act type,Whale watching in Australia || Whaling in Australia || Right whale || Whaling in New Zealand || Right Whale Bay || Australian Whale Sanctuary || Whaling in Norway || Southern right whale || Blue whale || Whale watching || Whaling || Blue Whale Unit || Humpback whale || Whaling in Argentina || Minke whale || Dolphin || Kaikoura || Whaling-foreman || Jangsaengpo Whale Museum || Porto Pim Whale Factory Museum,
natural_qa120::5a797bd95542994bb9457016::top20,natural_qa120,5a797bd95542994bb9457016,20,top5_sufficient,sufficient,What age was Georgia Middleman when she started singing in the seventh-most populated city in the United States?,ten,Ten years old,0.0,0.5,answer_alias_or_metric_mismatch,answer_alias_or_metric_mismatch,true,true,high,"Model answer 'Ten years old' is semantically equivalent to gold 'ten', differing only in wording.","Georgia Middleman || San Antonio || Anita Bitri || Country music || Cordele, Georgia || Elha Nympha || United States || Deborah Woodson || Haru Kobayashi || Alfio || Sibel Can || Holly Starr || Laura Bretan || North Georgia mountains || New York University || Off-Broadway || Dick Wagner || Merle Haggard || Willie Nelson || Gospel music",
natural_qa120::5ac5188255429924173fb5a3::top5,natural_qa120,5ac5188255429924173fb5a3,5,top5_sufficient,sufficient,About how many people are employed by the company founded by Denise Coates?,"3,000","over 3,000 people",0.0,0.5,answer_alias_or_metric_mismatch,answer_alias_or_metric_mismatch,true,true,high,"Model answer 'over 3,000 people' is semantically equivalent to gold answer '3,000' and both are supported by context.",Denise Coates || William Beardmore and Company || Order of the British Empire || Bet365 || Thorlabs,
natural_qa120::5ac5188255429924173fb5a3::top20,natural_qa120,5ac5188255429924173fb5a3,20,top5_sufficient,sufficient,About how many people are employed by the company founded by Denise Coates?,"3,000","over 3,000",0.0,0.6666666666666666,answer_alias_or_metric_mismatch,answer_alias_or_metric_mismatch,true,true,high,"Model answer 'over 3,000' is semantically equivalent to gold '3,000' for approximate employment; exact match requirement causes mismatch.",Denise Coates || William Beardmore and Company || Order of the British Empire || Bet365 || Thorlabs || The Sportsman's Guide || Kersey Coates || George Coates || Fluxys || Carad || Ta-Nehisi Coates || Turnstone (company) || Invision Studios || Clive Coates || Jimmy Coates || Denise White || Peter Coates || Hafner Manufacturing Company || Denise Robert || Denise O'Donoghue,
natural_qa120::5a82fe5055429966c78a6ad3::top20,natural_qa120,5a82fe5055429966c78a6ad3,20,top5_sufficient,sufficient,"The Company They Keep is a book written by Diana Pavlac Glyer, who is a professor at a university in Azusa, California, that was founded in 1899, and is under the auspices of what religion?",evangelical Christian,Evangelical Christianity,0.0,0.5,answer_alias_or_metric_mismatch,answer_alias_or_metric_mismatch,true,true,high,"Model answer 'Evangelical Christianity' is semantically identical to gold 'evangelical Christian'. The retrieved context confirms Azusa Pacific University is an 'evangelical Christian university', making the two phrasings equivalent.","The Company They Keep || Azusa Pacific University || Diana Pavlac Glyer || Charles Williams (British writer) || Warren Lewis || J. R. R. Tolkien || Inklings || Owen Barfield || C. S. Lewis || Aberdeen, Maryland || Azusa, California || California || Philosophy of religion || John Culp || Los Angeles || Evangelicalism || Christian || Whittier, California || Theology || Wesleyanism",
natural_qa120::5ac1a04e5542991316484b63::top5,natural_qa120,5ac1a04e5542991316484b63,5,top5_sufficient,sufficient,Are both Jim McBride and Neil Jordan American?,no,"No, only Jim McBride is American; Neil Jordan is Irish.",0.0,0.18181818181818182,answer_alias_or_metric_mismatch,answer_alias_or_metric_mismatch,true,true,high,"Model answer 'No, only Jim McBride is American; Neil Jordan is Irish' is semantically equivalent to gold answer 'no' and both are fully supported by context showing Jim McBride is American and Neil Jordan is Irish.",Jim McBride || Neil Jordan || Neil McBride || Labour Party (UK) || County Donegal,
natural_qa120::5ac1a04e5542991316484b63::top20,natural_qa120,5ac1a04e5542991316484b63,20,top5_sufficient,sufficient,Are both Jim McBride and Neil Jordan American?,no,"No, only Jim McBride is American; Neil Jordan is Irish.",0.0,0.18181818181818182,answer_alias_or_metric_mismatch,answer_alias_or_metric_mismatch,true,true,high,"Model answer correctly explains both are not American (supported by context), which semantically matches gold answer 'no'. Model provides correct explanatory detail that validates the 'no' answer.",Jim McBride || Neil Jordan || Neil McBride || Labour Party (UK) || County Donegal || Jim O'Neil (American football) || Neil McBride (poet) || Jim Jordan (actor) || Angel (1982 Irish film) || Jim O'Neil (ice hockey) || Jim Jordan (political consultant) || Creeslough || Jim Jordan (U.S. politician) || James Jordan || Irish language || United Kingdom || Valentine (Jim Brickman song) || Jim Jordan (basketball) || Jim Jordan (Canadian politician) || Jordan White (footballer),
natural_qa120::5a8f47785542997ba9cb3217::top5,natural_qa120,5a8f47785542997ba9cb3217,5,top5_sufficient,sufficient,Does Frank Pepe Pizzeria Napoletana or Donatos Pizza have more locations?,Donatos,Donatos Pizza has more locations,0.0,0.33333333333333337,generation_failure,generation_failure,false,false,medium,"Context shows Donatos has ~200 locations but provides no location count for Frank Pepe, so neither the model answer nor gold answer that Donatos has more locations is supported.",Frank Pepe Pizzeria Napoletana || Donatos Pizza || Wooster Square || Pizza || Tony's Pizza Napoletana,
natural_qa120::5a8f47785542997ba9cb3217::top20,natural_qa120,5a8f47785542997ba9cb3217,20,top5_sufficient,sufficient,Does Frank Pepe Pizzeria Napoletana or Donatos Pizza have more locations?,Donatos,Donatos Pizza has more locations with nearly 200 locations.,0.0,0.19999999999999998,answer_alias_or_metric_mismatch,answer_alias_or_metric_mismatch,true,true,high,"Model answer correctly identifies Donatos as having more locations with 'nearly 200 locations', which matches the gold answer 'Donatos'. Context [2] confirms Donatos has nearly 200 locations, while context [1] only describes Frank Pepe as a single pizzeria in New Haven, supporting the conclusion.","Frank Pepe Pizzeria Napoletana || Donatos Pizza || Wooster Square || Pizza || Tony's Pizza Napoletana || New Haven, Connecticut || Antico Pizza || Modern Apizza || New Haven-style pizza || Tutta Bella Neapolitan Pizzeria || California || Restaurant || San Francisco || National Air and Space Museum || TripAdvisor || United States || Neapolitan pizza || Pizza delivery || Columbus, Ohio || Ohio Stadium",
natural_qa120::5a7739f25542994aec3b7234::top20,natural_qa120,5a7739f25542994aec3b7234,20,unresolved_top20,insufficient,"What musician is ranked 9th in the Top 100 Greatest Metal Guitarists and started a band in 1990 in Los Angeles, California?",Adam Thomas Jones,Adam Jones,0.0,0.8,answer_alias_or_metric_mismatch,answer_alias_or_metric_mismatch,true,true,high,"Model answer 'Adam Jones' is a common short form/alias of 'Adam Thomas Jones'. Retrieved context confirms Adam Jones is ranked 9th in Guitar World's Top 100 Greatest Metal Guitarists (context [7]), which matches the ranking criterion. The insufficiency label appears to be due to missing info about starting a band in 1990 in LA in the retrieved context.",Kirk Hammett || George Lynch (musician) || Metallica || John Christ || Daron Malakian || Dokken || Adam Jones (musician) || Gibson || Eddie Van Halen || Joel McIver || Heavy metal music || Hard rock || Lynch Mob (band) || Guitar World || Danzig (band) || Rolling Stone || Lizzy Borden (band) || Pascual Romero || Grade 8 (band) || Pinch harmonic,
natural_qa120::5ae37e525542992e3233c42d::top5,natural_qa120,5ae37e525542992e3233c42d,5,unresolved_top20,insufficient,When did the the Antonine who was known as the third of the five good emperors live?,24 January 76 – 10 July 138,He lived from 24 January 76 to 10 July 138 AD,0.0,0.6666666666666665,answer_alias_or_metric_mismatch,answer_alias_or_metric_mismatch,true,true,high,"Model answer is a longer sentence form of the exact same dates as the gold answer, both supported by retrieved context about Hadrian (the third of the Five Good Emperors).",Hadrian || Antoninus Pius || Trajan || Nerva–Antonine dynasty || Marcus Aurelius,
natural_qa120::5ae37e525542992e3233c42d::top20,natural_qa120,5ae37e525542992e3233c42d,20,unresolved_top20,insufficient,When did the the Antonine who was known as the third of the five good emperors live?,24 January 76 – 10 July 138,24 January 76 to 10 July 138 AD,0.0,0.7999999999999999,answer_alias_or_metric_mismatch,answer_alias_or_metric_mismatch,true,true,high,"Model answer (24 January 76 to 10 July 138 AD) is semantically identical to gold (24 January 76 – 10 July 138), both correctly giving Hadrian's dates who is identified as the third of the Five Good Emperors in retrieved context [1]",Hadrian || Antoninus Pius || Trajan || Nerva–Antonine dynasty || Marcus Aurelius || Roman emperor || Aurelia (gens) || Year of the Five Emperors || Lucius Verus || Commodus || Marcus Peducaeus Plautius Quintillus || Roman Empire || Dynasty || Good Spirit || Nerva || Three Sovereigns and Five Emperors || Antonine University || Antonine Meunier || Ninnia (gens) || Antonine College,
natural_qa120::5a8c7ced5542995e66a4761c::top20,natural_qa120,5a8c7ced5542995e66a4761c,20,top5_sufficient,sufficient,Josh Trank and Mike Valerio both work in what industry?,entertainment,entertainment industry,0.0,0.6666666666666666,answer_alias_or_metric_mismatch,answer_alias_or_metric_mismatch,true,true,high,"Model answer 'entertainment industry' is semantically identical to gold answer 'entertainment' - only phrasing differs, both supported by context showing Josh Trank as film director and Mike Valerio as entertainment industry executive.",Josh Trank || Mike Valerio || Chronicle (film) || Fantastic Four (2015 film) || Michael B. Jordan || Valerio Ciccone || Mike King (comedian) || Dozen || James Valerio || Valerio Spada || Butler Institute of American Art || Italy || Valerio Colotti || Ferrari || Maserati || Modena || Valerio Magrelli || Valerio Cioli || Raúl Valerio || Valerio Alesi,
natural_qa120::5a7f57a45542992097ad2f29::top5,natural_qa120,5a7f57a45542992097ad2f29,5,top5_sufficient,sufficient,"What party was Johan Henrik Deuntzer a part of before the party that translates to the ""Radical Left?""","Liberal ""Venstre"" party",Venstre,0.0,0.5,answer_alias_or_metric_mismatch,answer_alias_or_metric_mismatch,true,true,high,Model answer 'Venstre' is the standard alias for the gold answer 'Liberal Venstre party'; both correctly identify the party Deuntzer was in before joining the Danish Social Liberal Party (Radical Left).,Johan Henrik Deuntzer || Cabinet of Deuntzer || Danish Social Liberal Party || Venstre (Denmark) || Politician,
natural_qa120::5a7f57a45542992097ad2f29::top20,natural_qa120,5a7f57a45542992097ad2f29,20,top5_sufficient,sufficient,"What party was Johan Henrik Deuntzer a part of before the party that translates to the ""Radical Left?""","Liberal ""Venstre"" party",Venstre,0.0,0.5,answer_alias_or_metric_mismatch,answer_alias_or_metric_mismatch,true,true,high,"Model answer 'Venstre' is semantically equivalent to gold 'Liberal Venstre party', but uses shortened form. The party name in context is explicitly 'Liberal Venstre party', so model answer lacks full descriptive name.","Johan Henrik Deuntzer || Cabinet of Deuntzer || Danish Social Liberal Party || Venstre (Denmark) || Politician || Radical Party of the Left || Højre || Danish Folketing election, 1901 || ROZA || Johan Henrik Rye Holmboe || Johan Henrik Rye || Cabinet of Sehested || Johan Henrik Schreiner || Denmark || Henrik J. Lisæth || Henrik Johan Walbeck || Henrik Johan Bull || Johan Henrik Andresen || Johan Henrik Dietrichs || Johan Henrik Wiers-Jenssen",
natural_qa120::5ae78f3b554299540e5a5608::top20,natural_qa120,5ae78f3b554299540e5a5608,20,top5_sufficient,sufficient,Mr. & Mrs. Mxyzptlk is an episode of the superhero TV series that originally aired on what network?,CBS,The CW,0.0,0.0,answer_alias_or_metric_mismatch,answer_alias_or_metric_mismatch,true,false,high,"Model answer (The CW) matches context[1] which explicitly states the episode aired on The CW. Gold answer (CBS) references context[2] about series premiere, not this specific episode. Episode aired on The CW in 2017 after Supergirl moved networks.",Mr. & Mrs. Mxyzptlk || Supergirl (TV series) || The CW || Mr & Mrs (TV series) || ITV (TV network) || Mr. & Mrs. Smith (TV series) || Mr. and Mrs. Stewie || Julian Clary || Mr. Sunshine (1986 TV series) || Nino Firetto || Norman Vaughan (comedian) || Sky Living || Mr. & Mrs. John Sacrimoni Request... || Killer Instinct (TV series) || ITV Border || Derek Batey || Summer Breeze (TV series) || Alan Taylor (television presenter) || ITV Anglia || ITV Wales & West,
natural_qa120::5ae7cea355429952e35ea9c1::top5,natural_qa120,5ae7cea355429952e35ea9c1,5,rescued_by_top20,insufficient,"What is the name of the series who's first season was released on Netflix on September 22, 2016 and stars actor pronounced as John-a-kite?",Netflix,Easy,0.0,0.0,ambiguous_or_gold_issue,ambiguous_or_gold_issue,true,false,high,Gold answer 'Netflix' is the streaming platform rather than the series name; model answer 'Easy' correctly identifies the series matching the date and platform description in context.,Easy (TV series) || Lady Dynamite || Anthology series || Godless (TV series) || Comedy-drama,
natural_qa120::5ae7cea355429952e35ea9c1::top20,natural_qa120,5ae7cea355429952e35ea9c1,20,rescued_by_top20,sufficient,"What is the name of the series who's first season was released on Netflix on September 22, 2016 and stars actor pronounced as John-a-kite?",Netflix,Easy,0.0,0.0,ambiguous_or_gold_issue,ambiguous_or_gold_issue,true,false,high,"Gold answer is 'Netflix' (the platform) but question asks for the series name, which is 'Easy' per retrieved context. Model answer 'Easy' is correct.",Easy (TV series) || Lady Dynamite || Anthology series || Godless (TV series) || Comedy-drama || Travelers (TV series) || Joe Swanberg || The Adventures of Puss in Boots || List of original programs distributed by Netflix || Greenhouse Academy || Evan Jonigkeit || List of The Adventures of Puss in Boots episodes || Netflix || Chicago || Gaten Matarazzo || BoJack Horseman (season 3) || House of Cards (season 5) || Limited series || Project Mc2 || Maria Bamford,
natural_qa120::5a8787305542996e4f30882d::top5,natural_qa120,5a8787305542996e4f30882d,5,top5_sufficient,sufficient,What other roles is the director of the American romantic comedy written by Peter Chiarelli and released in 2009 known for?,"dancer, actress, choreographer","dancer, actress, choreographer and film director",0.0,0.6666666666666666,answer_alias_or_metric_mismatch,answer_alias_or_metric_mismatch,true,true,high,"Model answer includes all gold answer elements (dancer, actress, choreographer) plus correct additional role (film director), both fully supported by retrieved context. Exact match failed due to extra descriptor.",The Proposal (film) || Peter Markle || Anne Fletcher || Mundhinam Paartheney || Romantic comedy film,
natural_qa120::5a8787305542996e4f30882d::top20,natural_qa120,5a8787305542996e4f30882d,20,top5_sufficient,sufficient,What other roles is the director of the American romantic comedy written by Peter Chiarelli and released in 2009 known for?,"dancer, actress, choreographer","Dancer, actress, choreographer and film director",0.0,0.6666666666666666,uncertain,uncertain,,,uncertain,,The Proposal (film) || Peter Markle || Anne Fletcher || Mundhinam Paartheney || Romantic comedy film || Barfi (film) || Peter Chiarelli (ice hockey) || Betty White || Made for Each Other (2009 film) || Mary Steenburgen || Talia Chiarelli || Gina Chiarelli || Ryan Reynolds || Romantic Comedy 101 || Craig T. Nelson || Peter W. Chiarelli || Sandra Bullock || Evaraina Epudaina || Balam (2009 film) || Duplicity (film),
natural_qa120::5a8cee9b554299441c6b9f87::top20,natural_qa120,5a8cee9b554299441c6b9f87,20,top5_sufficient,sufficient,"Haier has North American rights to which appliance company headquartered in Louisville, Kentucky?",GE Appliances,Hotpoint,0.0,0.0,generation_failure,generation_failure,false,true,high,"The context explicitly identifies GE Appliances as the company owned by Haier and headquartered in Louisville. Hotpoint is merely a brand within GE Appliances, not the company itself that Haier acquired.","GE Appliances || General Electric || Haier || Hotpoint || Louisville, Kentucky || List of major employers in Louisville, Kentucky || PharMerica || SHPS || Sears, Roebuck and Company Store (Louisville, Kentucky) || Louisville, Cincinnati and Lexington Railway || Haier Pakistan || Louisville Ballet || Louisville and Southwestern Railway || Kentucky Peerless Distilling Company || Louisville Southern Railroad || UPS Airlines || Consumer electronics || Home appliance || Computer || China",
natural_qa120::5a7fb1e55542995d8a8ddef7::top5,natural_qa120,5a7fb1e55542995d8a8ddef7,5,top5_sufficient,sufficient,"Which documentary film premiered first, Grizzly Man or Pray the Devil Back to Hell?",Grizzly Man,Grizzly Man premiered first.,0.0,0.6666666666666666,answer_alias_or_metric_mismatch,answer_alias_or_metric_mismatch,true,true,high,"Model answer 'Grizzly Man premiered first' is semantically equivalent to gold answer 'Grizzly Man' and both are supported by context (Grizzly Man released 2005, Pray the Devil Back to Hell premiered 2008). Exact match fails because of extra words, not content.",Pray the Devil Back to Hell || Grizzly Man || Abigail Disney || Documentary film || Tribeca Film Festival,
natural_qa120::5ae5d7b755429929b08079cd::top20,natural_qa120,5ae5d7b755429929b08079cd,20,rescued_by_top20,sufficient,What was the last date the creator of  the NOI was seen by Elijah Muhammad?,last seen in 1933,1933,0.0,0.4,answer_alias_or_metric_mismatch,answer_alias_or_metric_mismatch,true,true,high,Model answer '1933' is semantically equivalent to gold answer 'last seen in 1933'. The retrieved context confirms Fard was last seen in 1933 by Elijah Muhammad. The mismatch is due to exact string matching rather than semantic difference.,"Elijah Muhammad || Louis Farrakhan || Nation of Islam || Warith Deen Mohammed || Emmanuel Muhammad || Muhammad Ali || Wallace Fard Muhammad || Muhammad Speaks || World War II || Tynnetta Muhammad || Ava Muhammad || Malcolm X || Ishmael Muhammad || Clara Muhammad || Religion || Boston || Harlem || Nathaniel Muhammad || Macon, Georgia || Detroit",
natural_qa120::5a713dcb5542994082a3e6d9::top5,natural_qa120,5a713dcb5542994082a3e6d9,5,top5_sufficient,sufficient,What pursuit did both Gevork Minaskanian and George Stambolian have in common?,"American educator, writer,",writing,0.0,0.0,answer_alias_or_metric_mismatch,answer_alias_or_metric_mismatch,true,true,high,Model answer 'writing' is a synonym/subset of gold's 'writer'. Context confirms Stambolian is a writer and Minaskanian has publications.,George Stambolian || Gevork Minaskanian || Aderis Pharmaceuticals || Virginia Commonwealth University || Dopamine,
natural_qa120::5a713dcb5542994082a3e6d9::top20,natural_qa120,5a713dcb5542994082a3e6d9,20,top5_sufficient,sufficient,What pursuit did both Gevork Minaskanian and George Stambolian have in common?,"American educator, writer,",Both were authors.,0.0,0.0,generation_failure,generation_failure,true,false,medium,"Model correctly identifies both as authors based on retrieved context (Stambolian wrote fiction, Minaskanian authored 50+ patents/publications). Gold answer claiming they were both 'American educators' is inaccurate - Minaskanian was a research professor/researcher, not an educator in the teaching sense, and the context does not support him being an American educator.","George Stambolian || Gevork Minaskanian || Aderis Pharmaceuticals || Virginia Commonwealth University || Dopamine || United States Patent and Trademark Office || Monastery of Surp Gevork of Goms || Saint Gevork Monastery of Mughni || Saint Gevork of Mughni Church, Tbilisi || Parkinson's disease || New York City || Armenians || Restless legs syndrome || Armenian language || Rotigotine || Dyskinesia || Georgia (country) || Gay || Gevork Vartanian || Georgian language",
natural_qa120::5ab2e3a15542992953946893::top5,natural_qa120,5ab2e3a15542992953946893,5,unresolved_top20,insufficient,"The author of ""The New American Story "" served three terms as a US Senator from what state?",New Jersey,Michigan,0.0,0.0,retrieval_insufficient,retrieval_insufficient,false,false,high,"The retrieved context contains no information about 'The New American Story' or its author. No document mentions this book title. The model guessed Michigan (possibly influenced by Riegle's info about three Senator terms from Michigan), but context does not support this. Gold answer New Jersey also has no supporting evidence in context.",Donald W. Riegle Jr. || John Speed Smith || Green Clay Smith || Thomas Murphy (Collector) || Sharpe James,
natural_qa120::5a7ed2c655429930675135e5::top20,natural_qa120,5a7ed2c655429930675135e5,20,top5_sufficient,sufficient,"At the 71st Golden Globe Awards for television in 2013, what achievement did Breaking Bad, police sitcom Brooklyn Nine-Nine and American Hustle attain?",multiple awards,They each won multiple awards at the 71st Golden Globe Awards,0.0,0.33333333333333337,answer_alias_or_metric_mismatch,answer_alias_or_metric_mismatch,true,true,high,"Model answer 'They each won multiple awards' is semantically equivalent to gold answer 'multiple awards' - both state the same achievement, differing only in elaboration.","71st Golden Globe Awards || 72nd Golden Globe Awards || 2013 in American television || Brooklyn Nine-Nine || Breaking Bad || American Hustle || Behind the Candelabra || 2013 in film || Golden Globe Cecil B. DeMille Award || Golden Globe Award || Tina Fey || Hollywood Foreign Press Association || Olivia Wilde || Aziz Ansari || Dallas Buyers Club || Amy Poehler || Beverly Hills, California || Diane Keaton || Dick Clark Productions || NBC",
natural_qa120::5a90970d5542995651fb51a5::top5,natural_qa120,5a90970d5542995651fb51a5,5,top5_sufficient,sufficient,Rainforest Ecological Train runs through a national park with an area of how many Kilometers ?,672 km2,672 km,0.0,0.5,generation_failure,generation_failure,false,true,high,"Model answer '672 km' lacks the squared notation (km²) required for area measurement. The context clearly supports 672 km² as the park's area, but the model's answer omits the critical unit modifier, making it incomplete and technically incorrect despite having the correct numeric value.",Rainforest Ecological Train || Iguazú National Park || Provinces of Argentina || Misiones Province || Sajama National Park,
natural_qa120::5a90970d5542995651fb51a5::top20,natural_qa120,5a90970d5542995651fb51a5,20,top5_sufficient,sufficient,Rainforest Ecological Train runs through a national park with an area of how many Kilometers ?,672 km2,672 km²,0.0,0.5,answer_alias_or_metric_mismatch,answer_alias_or_metric_mismatch,true,true,high,Model answer '672 km²' is semantically identical to gold answer '672 km2'; only difference is superscript vs regular '2' in unit notation for square kilometers,Rainforest Ecological Train || Iguazú National Park || Provinces of Argentina || Misiones Province || Sajama National Park || Kavir National Park || Environmentally friendly || Argentina || Gola Rainforest National Park || Illinizas Ecological Reserve || Tropical Rainforest Heritage of Sumatra || Quito || Cotopaxi Province || Kuranda National Park || Sapo National Park || Cayambe Coca Ecological Reserve || Ecuador || Pichincha Province || Salt River Bay National Historical Park and Ecological Preserve || Alto Maués Ecological Station,
natural_qa120::5ac04a265542997d642959f1::top20,natural_qa120,5ac04a265542997d642959f1,20,unresolved_top20,insufficient,In which Navy was the single-engine BAE Systems Hawk operated?,Royal Navy,United States Navy,0.0,0.4,retrieval_insufficient,retrieval_insufficient,false,false,high,"Context does not mention the Royal Navy or any navy operating the original single-engine BAE Systems Hawk. Only mentions US Navy in relation to the T-45 Goshawk (a modified variant) and as a general customer, not the base Hawk aircraft.","BAE Systems Hawk || British Aerospace || BAE Systems || BAE Systems Inc. || Dunsfold || Atlantic Marine || BAE Systems AB || BAE Systems Demon || McDonnell Douglas T-45 Goshawk || BAE Systems Marine || BAE Systems Southeast Shipyards || Curtiss P-6 Hawk || BAE Systems Military Air & Information || Hawk-class patrol boat || BAE Systems Mantis || BAE Systems Skylynx II || BAE Systems Land Systems South Africa || BAE Systems/Dassault Telemos || BAE Systems Electronics, Intelligence & Support || BAE Systems Maritime – Submarines",
natural_qa120::5adcbb815542994ed6169bde::top20,natural_qa120,5adcbb815542994ed6169bde,20,rescued_by_top20,sufficient,"Beer Wars covers the differences between large corporate breweries, and small breweries, such as what brewery that is headquartered in Escondido, california?",Stone Brewing,Stone Brewing Co.,0.0,0.8,answer_alias_or_metric_mismatch,answer_alias_or_metric_mismatch,true,true,high,"Model answer 'Stone Brewing Co.' and gold answer 'Stone Brewing' refer to the same entity, which the context confirms is headquartered in Escondido, California. This is a standard alias where the model used the full company name while the gold used the shortened name.",Beer Wars || Dogfish Head Brewery || Miller Brewing Company || Documentary film || Microbrewery || Stone Brewing Co. || Beer || Coors Brewing Company || Yuengling || Beer in the Philippines || Brewery || List of breweries in California || Anheuser-Busch || Israel Beer Breweries || Orion Breweries || Advertising || Root beer || Yuksom Breweries || Beer in South Korea || Hite Brewery,
natural_qa120::5ab2958c554299449642c912::top5,natural_qa120,5ab2958c554299449642c912,5,unresolved_top20,insufficient,"When was the only long-term psychiatric hospital operated founded in a county in the USA with a population of 9,298 in 2010?",in 1877,1877,0.0,0.6666666666666666,answer_alias_or_metric_mismatch,answer_alias_or_metric_mismatch,true,true,high,"Model answer 1877 is semantically identical to gold answer in 1877; both are supported by context indicating Montana State Hospital founded in 1877 in Deer Lodge County (pop. 9,298 in 2010).","Tower Psychiatric Hospital || Warm Springs, Montana || State hospital || Eastern Shore Hospital Center || Psychiatric hospital",
natural_qa120::5ab2958c554299449642c912::top20,natural_qa120,5ab2958c554299449642c912,20,unresolved_top20,insufficient,"When was the only long-term psychiatric hospital operated founded in a county in the USA with a population of 9,298 in 2010?",in 1877,1877,0.0,0.6666666666666666,retrieval_insufficient,retrieval_insufficient,true,true,high,"Model answer 1877 matches gold answer exactly and is supported by context [2] stating Montana State Hospital was founded in 1877. However, retrieved context does not verify the county population of 9,298 in 2010, making the sufficiency label 'insufficient' appropriate as the retrieved context fails to confirm all question conditions.","Tower Psychiatric Hospital || Warm Springs, Montana || State hospital || Eastern Shore Hospital Center || Psychiatric hospital || John George Psychiatric Pavilion || St. Conal's Psychiatric Hospital || St. Dympna's Hospital || Medical Lake, Washington || Oregon State Hospital || Central Islip Psychiatric Center || Psychiatric Hospital (Bahrain) || Raymond Mhlaba Local Municipality || Trenton Psychiatric Hospital || Edgewood State Hospital || Fort Beaufort || Government || Eastern Cape || South Africa || Kleppur",
natural_qa120::5a79d2fe5542994f819ef0c3::top20,natural_qa120,5a79d2fe5542994f819ef0c3,20,top5_sufficient,sufficient,"Who was born first, Aleksandr Ivanovsky or Arthur Lubin?",Aleksandr Ivanovsky,Aleksandr Ivanovsky was born first,0.0,0.5714285714285715,answer_alias_or_metric_mismatch,answer_alias_or_metric_mismatch,true,true,high,"Model answer 'Aleksandr Ivanovsky was born first' is semantically equivalent to gold answer 'Aleksandr Ivanovsky'. Both correctly indicate Ivanovsky was born first (1881 vs 1898), differing only in format (full sentence vs short answer).",Aleksandr Ivanovsky || Arthur Lubin || Ivanovsky || Silva (film) || Film director || Soviet Union || Operetta film || Comedienne (film) || Screenwriter || The Palace and the Fortress || Ivanovsky (rural locality) || Oleg Ivanovsky || Russia || The Decembrists (film) || Russian language || Ivanovsky District || Ivanovsky (surname) || A Successful Failure || Silent film || Ivanovsky Waterfall,
natural_qa120::5a7dc7735542990b8f503a93::top20,natural_qa120,5a7dc7735542990b8f503a93,20,unresolved_top20,insufficient,Born 2 B.R.E.E.D. was co-written by the late singer-songwriter who has sold over how many records worldwide?,100 million,three million,0.0,0.5,retrieval_insufficient,retrieval_insufficient,false,false,high,No information about 'Born 2 B.R.E.E.D.' or its co-writer appears in retrieved context; cannot verify either 100 million (gold) or 3 million (model) sales figures.,Ricardo Montaner || Rhett Lawrence || Tina Arena || Catching a Tiger || Escape (Enrique Iglesias album) || Juanes discography || Mark Owen || Biddu || Kid Rock || Josh Groban || Max T. Barnes || Gigi D'Alessio || Gala (singer) || In Between Dreams || Joey McIntyre || Khia || Noemi (singer) || Smiley Bates || Adam Lambert || Argentina,
natural_qa120::5ab674ee5542995eadeefff2::top5,natural_qa120,5ab674ee5542995eadeefff2,5,top5_sufficient,sufficient,Hivange is a village in a country that has how many official languages ?,three official languages,Three,0.0,0.5,answer_alias_or_metric_mismatch,answer_alias_or_metric_mismatch,true,true,high,Model answer 'Three' is semantically equivalent to gold answer 'three official languages' - both indicate Luxembourg has 3 official languages,Hivange || German language || Luxembourg || Commissioner of Official Languages || Garnich,
natural_qa120::5ab90d2755429916710eb0f0::top20,natural_qa120,5ab90d2755429916710eb0f0,20,top5_sufficient,sufficient, Steven Rattazzi provides the voice for the character of Doctor Byron Orpheus on an animated series created by who?,Christopher McCulloch,Christopher McCulloch (Jackson Publick),0.0,0.6666666666666666,answer_alias_or_metric_mismatch,answer_alias_or_metric_mismatch,true,true,high,"Model answer adds the alias (Jackson Publick) to the gold answer; exact‑match grading flags the extra text as a mismatch, though the core answer is correct.","Steven Rattazzi || The Venture Bros. || Actor || United States || Voice acting || Adult Swim || Steven Universe || Animated series || River Song (Doctor Who) || Orpheus (comics) || Stevonnie || Steven Universe (character) || Pearl (Steven Universe) || Clara Oswald || Steven Taylor (Doctor Who) || Orpheus Male Voice Choir, Grimsby & Cleethorpes || Azula || Angry Kid || Bill Potts (Doctor Who) || Garnet (Steven Universe)",
natural_qa120::5ae1d0e8554299234fd0430a::top5,natural_qa120,5ae1d0e8554299234fd0430a,5,top5_sufficient,sufficient,"Which king of Northumbria did The ""Historia"" gives the abbot central place in his election as king",Guthred or Guthfrith,Guthred,0.0,0.5,answer_alias_or_metric_mismatch,answer_alias_or_metric_mismatch,true,true,high,Model answer 'Guthred' matches one of the two acceptable forms in gold answer ('Guthred or Guthfrith'); context [1] explicitly confirms the Historia gives the abbot central place in Guthred's election as king.,Eadred Lulisc || Historia de Sancto Cuthberto || Guthred || Chester-le-Street || Bede,
natural_qa120::5ae1d0e8554299234fd0430a::top20,natural_qa120,5ae1d0e8554299234fd0430a,20,top5_sufficient,sufficient,"Which king of Northumbria did The ""Historia"" gives the abbot central place in his election as king",Guthred or Guthfrith,Guthred,0.0,0.5,answer_alias_or_metric_mismatch,answer_alias_or_metric_mismatch,true,true,high,Model answer Guthred is explicitly supported by context and matches one of the two valid aliases in gold answer (Guthred or Guthfrith); failure is due to exact string matching against the disjunction format rather than recognizing valid alias.,"Eadred Lulisc || Historia de Sancto Cuthberto || Guthred || Chester-le-Street || Bede || Abbot || Ecgberht II of Northumbria || Ireland || Lindisfarne || Crayke || Carlisle, Cumbria || Osbald of Northumbria || Abbot of Monkwearmouth–Jarrow || Æthelred II of Northumbria || Eanred of Northumbria || Ceolwulf of Northumbria || Ricsige of Northumbria || Osred II of Northumbria || Rædwulf of Northumbria || Ecgfrith of Northumbria",
natural_qa120::5abbc2245542992ccd8e7f8a::top20,natural_qa120,5abbc2245542992ccd8e7f8a,20,unresolved_top20,insufficient,In which part of Attica was the battle of Marathon in 490 BC fought?,northeastern,the plain of Marathon in eastern Attica,0.0,0.0,answer_alias_or_metric_mismatch,answer_alias_or_metric_mismatch,true,false,high,"Model answer 'eastern Attica' is supported by context (Afidnes in East Attica, context [3]). Gold answer 'northeastern' is not explicitly stated in retrieved context. Both eastern and northeastern are geographically compatible descriptions of Marathon's location in Attica, making the model answer effectively correct but not matching the exact gold answer format.",Battle of Marathon || Callimachus (polemarch) || Afidnes || Polemarch || Plataea || Herodotus || Greek language || First Persian invasion of Greece || Attica || Themistocles || Ancient Greece || Artaphernes (son of Artaphernes) || Achaemenid Empire || Datis || Epizelus || History of Athens || Hoplite || Greco-Persian Wars || Olorus || Ancient Greek,
natural_qa120::5a72e4375542992359bc31bf::top5,natural_qa120,5a72e4375542992359bc31bf,5,top5_sufficient,sufficient,"Who is older, Lucy Gichuhi or Bob Day?",Bob Day,Bob Day is older,0.0,0.6666666666666666,answer_alias_or_metric_mismatch,answer_alias_or_metric_mismatch,true,true,high,"Model answer 'Bob Day is older' is semantically equivalent to gold answer 'Bob Day' - both correctly identify Bob Day as the older person. The model explicitly states Bob Day is older, which matches the gold's implicit answer.",Lucy Gichuhi || Bob Day || Bob Weiskopf || Court of Disputed Returns (Australia) || Madelyn Pugh,
natural_qa120::5a72e4375542992359bc31bf::top20,natural_qa120,5a72e4375542992359bc31bf,20,top5_sufficient,sufficient,"Who is older, Lucy Gichuhi or Bob Day?",Bob Day,Bob Day is older than Lucy Gichuhi,0.0,0.4444444444444445,answer_alias_or_metric_mismatch,answer_alias_or_metric_mismatch,true,true,high,"Model correctly states Bob Day is older than Lucy Gichuhi, matching the gold answer's substance, but the longer phrasing fails exact match.","Lucy Gichuhi || Bob Day || Bob Weiskopf || Court of Disputed Returns (Australia) || Madelyn Pugh || Family First Party || Australian federal election, 2016 || Bob Schiller || Australian Senate || I Love Lucy || Saint Lucy's Day || Lucy and Superman || High Court of Australia || South Australia || Sitcom || Every Single Day (Lucy Kaplansky album) || Lucy May Boring || CBS || Lucy Miller Mitchell || The Story of Lucy Gault",
natural_qa120::5ade7fa3554299728e26c727::top5,natural_qa120,5ade7fa3554299728e26c727,5,top5_sufficient,sufficient,what is the english name of Émile Verdets editorial?,Annals of Chemistry and of Physics,Annals of Chemistry and Physics,0.0,0.9090909090909091,answer_alias_or_metric_mismatch,answer_alias_or_metric_mismatch,true,true,high,"Model answer 'Annals of Chemistry and Physics' is semantically equivalent to gold answer 'Annals of Chemistry and of Physics' - both refer to the same journal 'Annales de chimie et de physique'. The only difference is the omission of 'of' before Physics, which does not change the meaning. Retrieved context [4] confirms the exact translation includes 'and of Physics'.",Émile Verdet || Mile || Mazatlán || Annales de chimie et de physique || Editorial URSS,
natural_qa120::5abe765a55429976d4830b1f::top5,natural_qa120,5abe765a55429976d4830b1f,5,top5_sufficient,sufficient,Who has won more olympic medals: Angelique Kerber or Amélie Mauresmo?,Amélie Simone Mauresmo,They are tied with one silver medal each,0.0,0.0,ambiguous_or_gold_issue,ambiguous_or_gold_issue,true,false,high,"Retrieved context shows both Mauresmo (2004 silver) and Kerber (2016 silver) have one silver medal each, making them tied. Model answer 'tied with one silver medal each' is correct per context, but gold answer 'Amélie Simone Mauresmo' incorrectly implies Mauresmo won more.",Amélie Mauresmo || Angelique Kerber || Amélie Mauresmo career statistics || 2006 Wimbledon Championships || Angelique Kerber career statistics,
natural_qa120::5abe765a55429976d4830b1f::top20,natural_qa120,5abe765a55429976d4830b1f,20,top5_sufficient,sufficient,Who has won more olympic medals: Angelique Kerber or Amélie Mauresmo?,Amélie Simone Mauresmo,Neither - they each won one Silver medal,0.0,0.0,ambiguous_or_gold_issue,ambiguous_or_gold_issue,true,false,high,"The retrieved context clearly shows both Mauresmo and Kerber won one Silver medal each (2004 and 2016 Olympics respectively), making the model answer 'Neither - they each won one Silver medal' factually correct and fully supported by context. However, the gold answer 'Amélie Simone Mauresmo' is simply the full name of one player and does not address the comparative question at all.",Amélie Mauresmo || Angelique Kerber || Amélie Mauresmo career statistics || 2006 Wimbledon Championships || Angelique Kerber career statistics || 2016 Wimbledon Championships – Women's Singles || Tennis at the 2004 Summer Olympics || 2016 Angelique Kerber tennis season || 2006 Australian Open || Grand Slam (tennis) || Tennis || 2004 J&S Cup – Singles || Grass court || 2016 Brisbane International || 2016 Australian Open || 2016 US Open (tennis) || 2016 Wimbledon Championships || Clay court || Tennis at the 2016 Summer Olympics || Women's Tennis Association,
natural_qa120::5add15d15542994ed6169c70::top5,natural_qa120,5add15d15542994ed6169c70,5,top5_sufficient,sufficient,Socialist conferences were held with what countries that opposed the Central Powers in the First World War?,The Allies of World War I,the Allied Powers (the Entente),0.0,0.0,answer_alias_or_metric_mismatch,answer_alias_or_metric_mismatch,true,true,high,"Both 'Allies of World War I' (gold) and 'Allied Powers (the Entente)' (model) are semantically equivalent terms for the same group of countries opposing the Central Powers, as confirmed by context [1] which states 'The Allies of World War I, or Entente Powers' and context [2] which mentions 'the Entente or Allied powers'.",Allies of World War I || Inter-Allied Socialist Conferences of World War I || Zimmerwald Conference || Central Powers || Neutral Socialist Conferences during World War I,
natural_qa120::5add15d15542994ed6169c70::top20,natural_qa120,5add15d15542994ed6169c70,20,top5_sufficient,sufficient,Socialist conferences were held with what countries that opposed the Central Powers in the First World War?,The Allies of World War I,the Allied powers,0.0,0.0,answer_alias_or_metric_mismatch,answer_alias_or_metric_mismatch,true,true,high,"Model answer 'the Allied powers' is semantically identical to gold answer 'The Allies of World War I' - both refer to the countries that opposed the Central Powers in WWI, as confirmed by context [1] which explicitly defines 'Allies of World War I' as 'the countries that opposed the Central Powers in the First World War.'",Allies of World War I || Inter-Allied Socialist Conferences of World War I || Zimmerwald Conference || Central Powers || Neutral Socialist Conferences during World War I || World War I || Third Zimmerwald Conference || Kienthal Conference || Neutral powers during World War II || List of World War I Central Powers aircraft || Leaders of the Central Powers of World War I || World War II by country || Allies of World War II || International Socialist Women's Conferences || Lithuanian conferences during World War I || Chantilly Conferences || Vienna Socialist Conference of 1915 || Switzerland || Zimmerwald || Naval warfare of World War I,
natural_qa120::5ae075455542993d6555eb59::top20,natural_qa120,5ae075455542993d6555eb59,20,top5_sufficient,sufficient,Are 111 Murray Street and 220 Central Park South both located in Manhattan?,yes,"Yes, both are located in Manhattan.",0.0,0.2857142857142857,answer_alias_or_metric_mismatch,answer_alias_or_metric_mismatch,true,true,high,"Model answer 'Yes, both are located in Manhattan' is semantically identical to gold answer 'yes'. Retrieved context confirms both 111 Murray Street (Tribeca, Manhattan) and 220 Central Park South (Midtown Manhattan) are in Manhattan.","111 Murray Street || 220 Central Park South || Tribeca || Fisher Brothers || Murray Hill, Manhattan || Manhattan || Steve Witkoff || 110th Street (Manhattan) || Manhattan Community Board 6 || East River || Jackson Square Park (Manhattan) || New York City || New York (state) || The Century (Central Park West, Manhattan) || Robert A.M. Stern Architects || Manhattan Valley || Park Row (Manhattan) || Midtown Manhattan || Skyscraper || U.S. state",
natural_qa120::5a8b77705542995d1e6f13aa::top5,natural_qa120,5a8b77705542995d1e6f13aa,5,top5_sufficient,sufficient,What American broadcasting company broadcasted the comedy show hosted by Emma Willmann?,Sirius XM Holdings,Sirius XM,0.0,0.8,answer_alias_or_metric_mismatch,answer_alias_or_metric_mismatch,true,true,high,"Model answer 'Sirius XM' is a common shortened name/alias for 'Sirius XM Holdings', both referring to the same American broadcasting company.",Emma Willmann || The Late Show with Stephen Colbert || Sirius XM Holdings || Comedy || Stand-up comedy,
natural_qa120::5a8b77705542995d1e6f13aa::top20,natural_qa120,5a8b77705542995d1e6f13aa,20,top5_sufficient,sufficient,What American broadcasting company broadcasted the comedy show hosted by Emma Willmann?,Sirius XM Holdings,Sirius XM,0.0,0.8,answer_alias_or_metric_mismatch,answer_alias_or_metric_mismatch,true,true,high,"Sirius XM is a common abbreviation/shortening of Sirius XM Holdings, referring to the same American broadcasting company. Context confirms the show was on Sirius XM and that Sirius XM Holdings is the parent company. The model answer uses the common short form rather than the full corporate name.",Emma Willmann || The Late Show with Stephen Colbert || Sirius XM Holdings || Comedy || Stand-up comedy || You Deserve It || Go (radio) || Emma (TV series) || Safeword (game show) || Thompson (TV series) || The Naughty Show || Snap Judgment (legal comedy show) || Michael Willmann || Hit 30 || Emma Knyckare || ITV2 || Rick Edwards || Poker2Nite || George J. Willmann || Comedy Ka Daily Soap,
natural_qa120::5a887bc0554299206df2b2b6::top5,natural_qa120,5a887bc0554299206df2b2b6,5,top5_sufficient,sufficient,The Argentine PGA Championship record holder has won how many tournaments worldwide?,230,more than 230,0.0,0.5,generation_failure,generation_failure,true,false,high,Model correctly states 'more than 230' matching the context which explicitly says 'won more than 230 tournaments worldwide'. The gold answer '230' is an exact number not found in the context.,Argentine PGA Championship || Roberto De Vicenzo || Vicente Fernández (golfer) || The Open Championship || José Cóceres,
natural_qa120::5a887bc0554299206df2b2b6::top20,natural_qa120,5a887bc0554299206df2b2b6,20,top5_sufficient,sufficient,The Argentine PGA Championship record holder has won how many tournaments worldwide?,230,more than 230,0.0,0.5,generation_failure,generation_failure,true,true,high,Model answer 'more than 230' repeats context phrasing but fails to give the specific number '230' requested by the question; the context supports both but the gold expects the exact figure.,Argentine PGA Championship || Roberto De Vicenzo || Vicente Fernández (golfer) || The Open Championship || José Cóceres || Argentine Senior PGA Championship || Southern Texas PGA Championship || Long Island PGA Championship || Midwest PGA Championship || Ángel Cabrera || Golf || Irish PGA Championship || José Jurado || Indiana PGA Championship || Argentina || Eduardo Romero || Central New York PGA Championship || Iowa PGA Championship || Northern Texas PGA Championship || Nebraska PGA Championship,
natural_qa120::5a7b542455429927d897bf92::top5,natural_qa120,5a7b542455429927d897bf92,5,top5_sufficient,sufficient,"The Lewis and Clark Memorial Column is dedicated to Meriwether Lewis, best known for his role as the leader of which Lewis and Clark Expedition?",Corps of Discovery,the 1804–1806 Lewis and Clark Expedition,0.0,0.0,answer_alias_or_metric_mismatch,answer_alias_or_metric_mismatch,true,true,high,"Model answer 'the 1804–1806 Lewis and Clark Expedition' and gold answer 'Corps of Discovery' refer to the same expedition; the model provides the date-based name while the gold provides the official name, both fully supported by context.",Lewis and Clark Memorial Column || Lewis and Clark Expedition || Meriwether Lewis || Corps of Discovery || Undaunted Courage,
natural_qa120::5a7b542455429927d897bf92::top20,natural_qa120,5a7b542455429927d897bf92,20,top5_sufficient,sufficient,"The Lewis and Clark Memorial Column is dedicated to Meriwether Lewis, best known for his role as the leader of which Lewis and Clark Expedition?",Corps of Discovery,the Corps of Discovery Expedition of 1804–1806,0.0,0.6666666666666666,answer_alias_or_metric_mismatch,answer_alias_or_metric_mismatch,true,true,high,Model answer 'the Corps of Discovery Expedition of 1804–1806' contains the gold answer 'Corps of Discovery' plus correct elaboration; semantically equivalent and factually accurate per context [3].,"Lewis and Clark Memorial Column || Lewis and Clark Expedition || Meriwether Lewis || Corps of Discovery || Undaunted Courage || United States || Exploration || William Clark || Lewis and Clark River || Washington Park (Portland, Oregon) || Portland, Oregon || Lewis & Clark Trail Bicycle Route || USS Lewis and Clark (SSBN-644) || Meriwether Lewis and William Clark Sculpture || SS Meriwether Lewis || Meriwether Lewis Clark Jr. || Meriwether Lewis Clark Sr. || Lewis River (Wyoming) || Bibliography of the Lewis and Clark Expedition || Lewis and Clark (sculpture)",
natural_qa120::5ae5caff554299546bf82f69::top5,natural_qa120,5ae5caff554299546bf82f69,5,top5_sufficient,sufficient,The Russian route M9 forms a part of what European route that has a length of about 5320 km?,European route E 22,European route E22,0.0,0.5714285714285715,answer_alias_or_metric_mismatch,answer_alias_or_metric_mismatch,true,true,high,Model answer matches gold answer except for a space; both refer to the same European route E22,"European route E22 || M9 highway (Russia) || Istra, Istrinsky District, Moscow Oblast || Moscow || Rzhev",
natural_qa120::5ae5caff554299546bf82f69::top20,natural_qa120,5ae5caff554299546bf82f69,20,top5_sufficient,sufficient,The Russian route M9 forms a part of what European route that has a length of about 5320 km?,European route E 22,European route E22,0.0,0.5714285714285715,answer_alias_or_metric_mismatch,answer_alias_or_metric_mismatch,true,true,high,"Model answer 'European route E22' is semantically identical to gold 'European route E 22' - both refer to the same European route, differing only in spacing (no space vs space between E and 22).","European route E22 || M9 highway (Russia) || Istra, Istrinsky District, Moscow Oblast || Moscow || Rzhev || Trunk road || Latvia || Russia || Moscow Oblast || Krasnogorsk, Moscow Oblast || European route E10 || Sebezh || Rēzekne || Pskov Oblast || Zubtsov || Volokolamsk || Velikiye Luki || Tver Oblast || European route E65 || Riga",
natural_qa120::5a865e8a55429960ec39b67a::top5,natural_qa120,5a865e8a55429960ec39b67a,5,top5_sufficient,sufficient,Do the bands 3OH!3 and Moonbabies have the same number of members?,yes,"Yes, both bands are duos with two members each.",0.0,0.19999999999999998,answer_alias_or_metric_mismatch,answer_alias_or_metric_mismatch,true,true,high,"Model answer 'Yes, both bands are duos with two members each.' is semantically equivalent to gold 'yes'; both correctly state that 3OH!3 (Sean Foreman + Nathaniel Motte) and Moonbabies (Ola Frick + Carina Johansson) are duos. The exact match comparison failed because model answer includes full elaboration rather than just 'yes'.",3OH!3 || Moonbabies (band) || MoonBabies (album) || Instrumental rock || Moonbabies at the Ballroom,
natural_qa120::5a865e8a55429960ec39b67a::top20,natural_qa120,5a865e8a55429960ec39b67a,20,top5_sufficient,sufficient,Do the bands 3OH!3 and Moonbabies have the same number of members?,yes,"Yes, both are duos with two members each",0.0,0.2222222222222222,answer_alias_or_metric_mismatch,answer_alias_or_metric_mismatch,true,true,high,"Model answer 'Yes, both are duos with two members each' is semantically equivalent to gold answer 'yes'; both correctly state that 3OH!3 and Moonbabies are duos with two members each, as supported by retrieved context.",3OH!3 || Moonbabies (band) || MoonBabies (album) || Instrumental rock || Moonbabies at the Ballroom || My Bloody Valentine (band) || 3OH!3 (album) || Want (3OH!3 album) || Inside Out Music || The Beatles || List of members of bands featuring members of the Beatles || Progressive metal || Déjà Vu (3OH!3 song) || The Orange Billboard || Planet X (band) || 3OH!3 discography || Follow Me Down (3OH!3 song) || The Beach Boys || Grey's Anatomy || Pop music,
