split,original_id,question_type,difficulty,question,gold_answer,context_doc_count,support_title_count,support_titles,context_all_support_present,context_support_title_coverage,context_missing_support_count,context_missing_support_titles,global_pool_all_support_present,global_pool_support_title_coverage,global_pool_missing_support_count,global_pool_missing_support_titles,missing_context_but_present_global_count,missing_context_with_fuzzy_title_count,fuzzy_context_matches,first_context_titles
train,5a70eee85542994082a3e3f0,bridge,hard,"Which group of people in West Africa with significant populations in Ghana, Ivory Coast, Liberia and Sierra Leone use the Ida?",The Yoruba,10,2,ida (sword) || yoruba people,0,0.5,1,ida (sword),0,0.5,1,ida (sword),0,0,,Plukenetia conophora || Pygmy hippopotamus || West Africa || Fula people of Sierra Leone || Ptychadena tournieri || Saro (Nigeria) || Yoruba people || Project Fame West Africa || Cocoa production in Ivory Coast || Mohamed Sillah
train,5a70f0a75542994082a3e403,bridge,hard,"Which dialect spoken in the province of Scania calls Spettekaka, ""spiddekaga""?",Scanian dialects,10,2,scanian dialect || spettekaka,0,0.5,1,scanian dialect,0,0.5,1,scanian dialect,0,0,,Spettekaka || Jiangyin dialect || Irpinian dialect || Mikawa dialect || Pahang Malay || Old Guangde dialect || Nagoya dialect || Upper Saxon German || Baghdad Jewish Arabic || Hakata dialect
train,5a70f11a5542994082a3e40b,comparison,hard,"Which dog breed, the Schapendoes or the Bull Terrier, has its origins in a greater number of other dog breeds?",Bull Terrier,10,2,bull terrier (miniature) || schapendoes,0,0.0,2,bull terrier (miniature) || schapendoes,0,0.0,2,bull terrier (miniature) || schapendoes,0,1,bull terrier (miniature) => bull and terrier,Teddy Roosevelt Terrier || American Pit Bull Terrier || Bull and Terrier || Pit bull || Terrier Group || American Staffordshire Terrier || Rocky Top's Sundance Kid || Chamuco || Airedale Terrier || Conformation (dog)
train,5a70f6425542994082a3e44c,bridge,hard,"Renamed in 2014, what was the vehicle offered as a prize to contestants on the first season of The Amazing Race Canada?",Chevrolet Corvette Stingrays,10,2,chevrolet corvette (c7) || the amazing race canada 1,0,0.5,1,chevrolet corvette (c7),0,0.5,1,chevrolet corvette (c7),0,0,,The Amazing Race Canada 1 || The Amazing Race 18 || The Amazing Race Canada 5 || The Amazing Race Canada || The Amazing Race Canada 3 || List of The Amazing Race Canada contestants || The Amazing Race 1 (China) || The Amazing Race en Discovery Channel 1 || The Amazing Race Canada 2 || The Amazing Race Canada 4
train,5a70f9335542994082a3e46a,comparison,hard,"Which magazine is published more in a year, Essence or Alt for Damerne?",ALT for Damerne,10,2,alt for damerne || essence (magazine),0,0.5,1,essence (magazine),0,0.5,1,essence (magazine),0,0,,Scott Poulson-Bryant || ReNew || Alt for Damerne || The Shadow Speaker || Portugal Colonial || Guillaume Morissette || Emeka Esogbue || Lene Thiesen || Tara Betts || Essence Music Festival
train,5a70ff335542994082a3e49c,bridge,hard,"Which Indian actress who earned filmfare award for Best female debut in ""Refugee"" acted in K3G movie?",Kareena Kapoor Khan,10,2,kabhi khushi kabhie gham... || kareena kapoor filmography,0,0.5,1,kabhi khushi kabhie gham...,1,1.0,0,,1,0,,Isi Life Mein || List of awards and nominations received by Asin || Tabu filmography || Kareena Kapoor filmography || Shruti Haasan filmography || Bipasha Basu filmography || List of awards and nominations received by Rekha || Producers Guild Film Award for Best Female Debut || Priyanka Chopra filmography || Filmfare Award for Best Female Debut
train,5a7100435542994082a3e4a3,comparison,hard, Are Finding Kraftland and Shikashika both frozen drinks?,Shikashika is a shaved ice drink,10,2,finding kraftland || shikashika,0,0.5,1,shikashika,0,0.5,1,shikashika,0,0,,Wei-Chuan Food Corporation || Zooper Dooper || Welch's || Ice trade || Nom yen || Finding Kraftland || Eegee's || Dairy mix || Ali Sparkes || Omar Knedlik
train,5a7108fa5542994082a3e4ef,comparison,hard,"Which battle, the Battle of Cold Harbor, or the Second Battle of Bull Run, was fought first?",Second Battle of Bull Run,10,2,battle of cold harbor || second battle of bull run,0,0.5,1,battle of cold harbor,0,0.5,1,battle of cold harbor,0,0,,"Second Bull Run Union order of battle || Terrence Begley || Irvin McDowell || USNS Bull Run (T-AO-156) || North Fork Bull Run River || Elias Wright || Cold Harbor, Virginia || Second Battle of Bull Run || South Fork Bull Run River || Manassas National Battlefield Park"
train,5a710a1e5542994082a3e4fd,bridge,hard,"What is the genus of the viral disease that has symptoms such as fever, chills, loss of appetite, nausea, muscle pains, and headaches, and has a chance of causing liver damage?",Flavivirus,10,2,flavivirus || yellow fever,0,0.5,1,flavivirus,0,0.5,1,flavivirus,0,0,,Rift Valley fever || Yellow fever || Herpes simplex || Legionnaires' disease || Crimean–Congo hemorrhagic fever || Jembrana disease || West Nile fever || Lassa fever || Liver function tests || Influenza
train,5a71148b5542994082a3e567,bridge,hard,What was the population of the city where Penobscot Marine Museum is located?,"The population was 2,615",10,2,"penobscot marine museum || searsport, maine",0,0.5,1,"searsport, maine",0,0.5,1,"searsport, maine",0,0,,H. Lee White Marine Museum || Marine Museum at Fall River || Toronto Maritime Museum || Herreshoff Marine Museum || Windermere Steamboat Museum || Sam Houston (Maine) || Penobscot Marine Museum || Marlboro Packard || Calvert Marine Museum || Aalborg Søfarts- og Marinemuseum
train,5a7115475542994082a3e56d,bridge,hard,"In what movie did a Kenyan-Mexican actress, who graduated from Hampshire College, star in in 2015?",Star Wars: The Force Awakens,10,2,lupita nyong'o || star wars: the force awakens,0,0.5,1,star wars: the force awakens,0,0.5,1,star wars: the force awakens,0,0,,Hellenic American University || Chris Spirou || Greg Butler (visual effects supervisor) || Charles Longsworth || Edward Thomson Fairchild || Jeph Jacques || David Kelly (mathematician) || Jason Salkey || Lupita Nyong'o || Joshua Seth
train,5a71166d5542994082a3e576,comparison,hard,"Which battle occurred first, the Battle of Manila or the Battle of Guam?",Battle of Guam,10,2,battle of guam (1944) || battle of manila (1945),0,0.0,2,battle of guam (1944) || battle of manila (1945),1,1.0,0,,2,1,battle of manila (1945) => battle of manila (1574),Battle of Yao (Japan) || Battle of Calabria || Battle of Aspromonte || Battle of Klushino || Battle of Saumur (1940) || Battle of the Burbia River || Battle of Manila (1574) || Battle of Alhandic || Battle of Silda || Battle of Trout River
train,5a7119f75542994082a3e58e,bridge,hard,"When was the composer of ""Persian Surgery Dervishes"" born?","June 24, 1935",10,2,persian surgery dervishes || terry riley,0,0.5,1,terry riley,0,0.5,1,terry riley,0,0,,Ali Pahlavan || Rahim Rahmanzadeh || AbdolReza Razmjoo || Mohammad-Reza Shajarian || Peyman Yazdanian || Abdolvahab Shahidi || Persian Surgery Dervishes || Tofy Mussivand || Thomas Christian David || Sima Bina
train,5a711c535542994082a3e59b,bridge,hard,Albanians in Montenegro which make up 4.91 of the county's total population could be members of the Albanian Coalation Perspect which is a what? ,Albanian political party in Montenegro,10,2,albanian coalition &quot;perspective&quot; || albanians in montenegro,0,0.5,1,albanian coalition &quot;perspective&quot;,0,0.5,1,albanian coalition &quot;perspective&quot;,0,1,albanian coalition &quot;perspective&quot; => albania,Orlov let || Albanians in Montenegro || Ghegs || Darza || Minority languages of Montenegro || Serbia in the Balkan Wars || Albania || Albanians || Albanians in the Republic of Macedonia || District of Prizren
train,5a711cb45542994082a3e59f,comparison,hard,"Who has won more Grand Slam women's doubles titles, Lisa Raymond or Liezel Huber?",Liezel Huber,10,2,liezel huber || lisa raymond,0,0.5,1,lisa raymond,0,0.5,1,lisa raymond,0,0,,Jana Novotná || 2006 NASDAQ-100 Open – Women's Doubles || 2012 Dubai Tennis Championships – Women's Doubles || 2013 New Haven Open at Yale – Doubles || Williams sisters || 2010 Aegon Classic – Doubles || 2013 Dubai Tennis Championships – Women's Doubles || 2012 Toray Pan Pacific Open – Doubles || Liezel Huber || Martina Hingis
train,5a71278c5542994082a3e5e2,bridge,hard,What North Carolina native did Danja produce songs for?,J. Cole,10,2,danja (record producer) || j. cole,0,0.0,2,danja (record producer) || j. cole,0,0.0,2,danja (record producer) || j. cole,0,0,,"Daniel Boone Native Gardens || Charlotte Hornets || Lucas Mansion || Raeford, North Carolina || Zion Williamson || Rogelio Mills || Andrews Geyser || Nathan Buttke || John Wall (basketball) || Ernie Logan"
train,5a7128b05542994082a3e5f2,comparison,hard,"Which film was released first, Laura's Star or Wonder Woman?",Laura's Star,10,2,laura's star || wonder woman (2009 film),0,0.0,2,laura's star || wonder woman (2009 film),0,0.0,2,laura's star || wonder woman (2009 film),0,0,,Angle Man || Wonder Woman in other media || Paradise Island Lost (comics) || Wonder Woman (Earth-Two) || Helena Sandsmark || Steve Trevor || Duke of Deception || Wonder Woman (TV series) || Circe (comics) || Queen Clea
train,5a7129685542994082a3e5fa,bridge,hard,"Which ""Blackzilians"" fighter is currently competing in the Middleweight division of Ultimate Fighting Championship?",Vitor Belfort,10,2,blackzilians || vitor belfort,0,0.5,1,blackzilians,0,0.5,1,blackzilians,0,0,,Kelvin Gastelum || Luke Barnatt || Sam Alvey || Luke Zachrich || Vitor Belfort || Eric Spicely || Rashad Evans || David Branch (fighter) || Paulo Borrachinha || Jack Marshman
train,5a71299e5542994082a3e5fe,bridge,hard,Drisheen is what type of product made in Ireland and other parts of Europe?,Black pudding,10,2,black pudding || drisheen,0,0.5,1,black pudding,0,0.5,1,black pudding,0,0,,Quark (dairy product) || Horticulture Netting or Vegetable Support Net || Mianchi || Original brand manufacturer || Ethyl Gasoline Corp. v. United States || Pretzel || Jinkela || Early Winters || Cream of Wheat || Drisheen
train,5a712af15542994082a3e614,bridge,hard,Which show that premiered in May 2011 is hosted by someone with the birth name Richard Kirschner?,My Cat from Hell,10,2,jackson galaxy || my cat from hell,0,0.5,1,my cat from hell,0,0.5,1,my cat from hell,0,0,,"Legal name || Ekstra Weekend || Kapil Sharma (comedian) || Goodman, Lieber, Kurtzberg &amp; Holliway || List of Switched at Birth episodes || Paul Harvey's The Rest of the Story || California Birth Index || Chesney and Wolfe || Four Rooms (TV series) || Jackson Galaxy"
train,5a712beb5542994082a3e61c,bridge,hard,What Golden Globe Award actor starred in the film Little Fugitive? ,Peter Dinklage,10,2,little fugitive (2006 film) || peter dinklage,0,0.0,2,little fugitive (2006 film) || peter dinklage,0,0.0,2,little fugitive (2006 film) || peter dinklage,0,0,,Golden Globe Award for Best Animated Feature Film || Poor Little Rich Girl: The Barbara Hutton Story || Nick Nolte || Cate Blanchett || Angelina Jolie filmography || Golden Globe Award for Best Original Score || Tom Cruise filmography || Julia Roberts filmography || Golden Globe Award for Best Documentary Film || List of American films of 2004
train,5a712c4b5542994082a3e622,bridge,hard,"What heritage site, known for a British explorer, is listed Seventeen Seventy Australia?",Captain Cook's Landing Place,10,2,"cook's landing place, town of seventeen seventy || james cook",0,0.5,1,james cook,0,0.5,1,james cook,0,0,,"National heritage site || McAbee Fossil Beds || Bustard Head Light || Cook's Landing Place, Town of Seventeen Seventy || Waldschlösschen Bridge || Garden of Cultivation || Blegny-Mine || Cape Byron || Seventeen Seventy, Queensland || Bois du Cazier"
train,5a712e895542994082a3e636,bridge,hard,C.J. Hunter was tested positive for which type of injected steroid before he competed in the 2000 Summer Olympic Games?,anabolic–androgenic steroid (AAS),10,2,c. j. hunter || nandrolone,0,0.5,1,nandrolone,0,0.5,1,nandrolone,0,0,,Antonakis Andreou || Hysen Pulaku || C. J. Hunter || Trinidad and Tobago at the 2008 Summer Olympics || Azerbaijan at the 2004 Summer Paralympics || Scot Hollonbeck || Hungary at the 2008 Summer Olympics || Jennifer Parilla || 2008 Summer Olympics || Anhel Cape
train,5a7131565542994082a3e64f,bridge,hard,"Q: Which actor played a role in the comedy series ""30 Rock"" as well as the drama series ""Mad Men""? A: Jon Hamm",Jon Hamm,10,2,jon hamm || live show,0,0.5,1,jon hamm,1,1.0,0,,1,0,,Mad Men (season 1) || Anna Howard Shaw Day || Emanuelle Goes to Dinosaur Land || List of Mad Men episodes || Public Relations (Mad Men) || Live Show || Tea Leaves (Mad Men) || John Slattery || Phil Abraham || St. Valentine's Day (30 Rock)
train,5a7136e25542994082a3e67e,bridge,hard,"What Hong Kong actor born in 1980 will star in ""Heart and Greed""?",Bosco Wong Chung-chak,10,2,bosco wong || heart and greed,0,0.0,2,bosco wong || heart and greed,0,0.0,2,bosco wong || heart and greed,0,0,,Nick Cheung || Trouble Maker (film) || Ting Hai effect || Byron Pang || Kohima Camp || New Hong Kong Society || Hong Kong Morris || The Greed of Man || Alex Fong (singer) || Chung King-fai
train,5a713ea95542994082a3e6e4,bridge,hard,Alvaro Mexia had a diplomatic mission with which tribe of indigenous people?,Apalachees,10,2,alvaro mexia || indigenous peoples of florida,0,0.5,1,indigenous peoples of florida,0,0.5,1,indigenous peoples of florida,0,0,,"Embassy of China, London || Diplomatic mission || Head of mission || Diplomatic bag || High Commission of Australia, London || Alvaro Mexia || Embassy of Algeria, Islamabad || Embassy of the United States, Nairobi || United States Mission to the European Union || List of diplomatic missions of Azerbaijan"
train,5a713f3c5542994082a3e6eb,bridge,hard,Where does the train that runs from NYC and Miami station at in Florida?,Jacksonville station,10,2,jacksonville station || silver meteor,0,0.0,2,jacksonville station || silver meteor,1,1.0,0,,2,0,,"Miami station (Amtrak) || South Miami station || Lakeland station || Government Center (Miami) || Miami Airport Station || Miami Station, Missouri || Chapman Field (Miami) || JMWAVE || Miami Worldcenter || 20th Century Limited"
train,5a7140585542994082a3e6fa,bridge,hard,Seal Harris was born in what county?,Polk County,10,2,"cedartown, georgia || seale harris",0,0.0,2,"cedartown, georgia || seale harris",0,0.0,2,"cedartown, georgia || seale harris",0,0,,"Elmer Frank Harris || Nikiya Harris Dodd || Michael P. Fleming || Rodney Ellis || Jeremy Harris || Bob Carter (cricketer, born 1937) || Gregory S. Glasson || James Harris (cricketer, born 1990) || Hyattsville Armory || Harrison Barrett"
train,5a71419f5542994082a3e70d,bridge,hard,"Riema Juhani Karppinen won the silver medal at what event held outside of Munich, Germany?",1981 World Rowing Championships,10,2,1981 world rowing championships || reima karppinen,0,0.5,1,1981 world rowing championships,0,0.5,1,1981 world rowing championships,0,0,,John Lindsay (Paralympian) || Bruno Martini (gymnast) || Michael Alston || UFC 70 || Che Mian || Reima Karppinen || Germán Sánchez (diver) || Mariela Scarone || Vivian Cheruiyot || Marion O'Brien
train,5a71446b5542994082a3e72a,bridge,hard,Who signed into law the act made to lower barriers to adoption?,President Bill Clinton,10,2,adoption 2002 || adoption and safe families act,0,0.5,1,adoption and safe families act,1,1.0,0,,1,0,,"Treason Act 1795 || Anti-Copying Act, 1992 || Strolling Actresses Dressing in a Barn || Adoption 2002 || Coastal Barrier Resources Act || Trade dollar (United States coin) || Adoption Act 1958 || Termite barrier || Baw Beese || Indecency with Children Act 1960"
valid,5a70f0e75542994082a3e408,comparison,hard,"Which of these universities, Northwestern University or Johns Hopkins University, have a campus outside of the United States territories?","with other campuses located in Chicago and Doha, Qatar",10,2,johns hopkins university || northwestern university,0,0.5,1,northwestern university,0,0.5,1,northwestern university,0,0,,Daniel Webster (academic) || Johns Hopkins School of Medicine || Johns Hopkins Berman Institute of Bioethics || Bloomberg Distinguished Professorships || Richard A. Macksey || Hopkins–Nanjing Center || Barton Childs || Eric Sundquist || Sara Berry || Johns Hopkins University
valid,5a70f39c5542994082a3e429,bridge,hard,What is the name of the independent candidate in Maine's 2010 gubernatorial race who finished ahead of Libby Mitchell?,Eliot Cutler,10,2,eliot cutler || libby mitchell,0,0.0,2,eliot cutler || libby mitchell,0,0.0,2,eliot cutler || libby mitchell,0,0,,"Nancy Sullivan (politician) || Maine gubernatorial election, 1974 || Frank J. Esposito || Doug Duncan || Christian Fong || Al Checchi || Maine gubernatorial election, 2010 || Stephen Bowen (politician) || Republican Moderate Party of Alaska || Farid Khavari"
valid,5a7103b35542994082a3e4c0,comparison,hard,"Which mountain, Masherbrum or Khunyang Chhish, is a taller mountain?",Khunyang Chhish,10,2,khunyang chhish || masherbrum,0,0.5,1,masherbrum,0,0.5,1,masherbrum,0,0,,Pumari Chhish || Kunyang Chhish East || Castle Rock Mountain || Mount Cabuyao || Burji La || Khunyang Chhish || Yukshin Gardan Sar || K6 (mountain) || Hayford Peak || Mount Peal
valid,5a710bb15542994082a3e50d,bridge,hard,"Which American professional poker player also starred in the 2015 movie ""Extraction""?",Dan Bilzerian,10,2,dan bilzerian || extraction (film),0,0.0,2,dan bilzerian || extraction (film),0,0.0,2,dan bilzerian || extraction (film),0,0,,Dag Palovic || Billy Baxter (poker player) || Tommy Angelo (poker player) || Ben Lamb || Vanessa Rousso || Brett Jungblut || Andy Frankenberger || Viacheslav Zhukov || Daniel Negreanu || Howard Lederer
valid,5a71214d5542994082a3e5b9,bridge,hard,What production company was founded by George Balanchine to create a live stage version of the 1942 film Casablanca?,The Los Angeles Dance Theater,10,2,casablanca (film) || los angeles dance theater,0,0.5,1,casablanca (film),0,0.5,1,casablanca (film),0,0,,Los Angeles Dance Theater || Gelsey Kirkland || John Clifford (choreographer) || Too Darn Hot || Razzia (2017 film) || American Ballet || Les Ballets 1933 || Michael Lorant || Heather Watts || Serenade (ballet)
valid,5a71224f5542994082a3e5c1,bridge,hard,"When was the actor born who starred in Nambia: The Struggle for Liberation and played Roger Murtaugh in the ""Lethal Weapon"" film series?","July 22, 1946",10,2,danny glover || namibia: the struggle for liberation,0,0.5,1,namibia: the struggle for liberation,0,0.5,1,namibia: the struggle for liberation,0,0,,Lethal Weapon 2 || Ebonie Smith || Lethal Weapon || Arkham Asylum – Shock Therapy || Roger Murtaugh || Rene Russo || Danny Glover || Mel Gibson filmography || Lethal Weapon (franchise) || List of Lethal Weapon episodes
valid,5a7125165542994082a3e5d0,comparison,hard,"Which composer was a French Romantic composer in the 1800's, Hector Berlioz or Gaetano Donizetti?",Louis-Hector Berlioz,10,2,gaetano donizetti || hector berlioz,0,0.5,1,gaetano donizetti,0,0.5,1,gaetano donizetti,0,0,,Hector Berlioz || American Opera Society || Mémoires (Berlioz) || Gaetano Rossi || Il furioso all'isola di San Domingo || L'enfance du Christ || Prix de Rome cantatas (Berlioz) || Eugenio Cavallini || Berlioz (disambiguation) || Roméo et Juliette (Berlioz)
valid,5a713fb15542994082a3e6f0,comparison,hard,Did the board game San Marco or About Time come out first?,San Marco,10,2,about time (board game) || san marco (board game),0,0.0,2,about time (board game) || san marco (board game),0,0.0,2,about time (board game) || san marco (board game),0,0,,"Italian cruiser San Marco || Porta San Marco, Siena || St Mark's Basilica || St Mark's Campanile || San Marco programme || Republic of San Marco || San Marco Altarpiece || Museo Nazionale di San Marco || San Marco 1 || San Marco basin"
valid,5a7143625542994082a3e71e,bridge,hard,Who co-founded View Askew Productions and produced numerous movies starring Jason Lee?,Kevin Smith,10,2,jason lee (actor) || kevin smith,0,0.5,1,jason lee (actor),0,0.5,1,jason lee (actor),0,0,,"Vulgar (film) || Movies Askew || Kevin Smith || Small Town Gay Bar || Tell 'Em Steve-Dave! || View Askewniverse || View Askew Productions || Monica Hampton || Oh, What a Lovely Tea Party || Vincent Pereira"
valid,5a71443f5542994082a3e727,comparison,hard,Is Gasherbrum II or Nuptse closest to the tallest mountain in the world?,It lies two kilometres WSW of Mount Everest.,10,2,gasherbrum ii || nuptse,0,0.5,1,nuptse,0,0.5,1,nuptse,0,0,,The Dark Glow of the Mountains || Nazir Sabir || Ji Hyeon-ok || Hassan Sadpara || Gasherbrum II || List of tallest mountains in the Solar System || Karakoram || Burji La || Gasherbrum III || Gasherbrum I
valid,5a714bb35542994082a3e78f,comparison,hard,"Which composer was born later, Gaetano Donizetti or William Walton?",William Turner Walton,10,2,gaetano donizetti || william walton,0,0.0,2,gaetano donizetti || william walton,0,0.0,2,gaetano donizetti || william walton,0,0,,Teresa Ruggeri || Agostino Rovere || L'ajo nell'imbarazzo || Le duc d'Albe || Gaetano Rossi || Eugenio Cavallini || 9912 Donizetti || Una follia || Il furioso all'isola di San Domingo || Chiara e Serafina
valid,5a716c415542994082a3e827,bridge,hard,Which airline partners with Gogo Inflight Internet and opened in 1984?,Virgin Atlantic,10,2,gogo inflight internet || virgin atlantic,0,0.5,1,virgin atlantic,0,0.5,1,virgin atlantic,0,0,,Allco Finance Group || Gogo Inflight Internet || Igor Naming Agency || Holland Herald || Duty Free World || Airline Partners Australia || Gogo Business Aviation || CockyBoys || The Gogo Building || Miles &amp; More
valid,5a716eeb5542994082a3e82e,bridge,hard,What actor starred with Virginia Katherine McMath in Star of Midnight?  ,William Powell,10,2,ginger rogers || star of midnight,0,0.5,1,star of midnight,0,0.5,1,star of midnight,0,0,,Ginger Rogers || The Page News and Courier || Midnight Star: Renegade || Superstar (1999 film) || The Marshall House || Operator (Midnight Star song) || The Ginger House || R U Professional || Dustin Hoffman filmography || Shehzad Sheikh
valid,5a7182b65542994082a3e85b,bridge,hard,How many European Jews died in the catastrophe of which Eva Hayman is a survivor?,six million,10,2,eva hayman || the holocaust,0,0.5,1,the holocaust,1,1.0,0,,1,1,"the holocaust => the holocaust in norway, the holocaust in france",Jewish views and involvement in US politics || Moses Elias Levy || Jewish ghettos in Europe || The Years of Extermination || Warsaw Ghetto Uprising || The Holocaust in France || The Holocaust in Norway || Eva Hayman || Jewish emancipation || Jews Praying in the Synagogue on Yom Kippur
valid,5a7228f655429971e9dc9312,bridge,hard,"Which ""novel with a key"" was written by John Ehrlichman about the CIA, base on events leading up to the Watergate coverup?",The Company,10,2,roman à clef || the company (ehrlichman novel),0,0.5,1,roman à clef,0,0.5,1,roman à clef,0,0,,The Time of Our Time || The Company (Ehrlichman novel) || Rose Mary Woods || Blind Ambition (miniseries) || Washington: Behind Closed Doors || Valerie Plame || All the President's Men || Operation Sandwedge || John Dean || John Ehrlichman
valid,5a722a6855429971e9dc9320,bridge,hard,"What is the character's name for which Anna Leonidovna Kovalchuk won a prize in the legal festival ""Law and Society""?",Chief Detective Maria Shvetsova,10,2,anna kovalchuk || tainy sledstviya,0,0.5,1,tainy sledstviya,0,0.5,1,tainy sledstviya,0,0,,Loan modification in the United States || The Critical Legal Studies Movement (book) || John Ballem || Gregory Shaffer || Feminism and Legal Theory Project || Legal history || Community Legal Assistance Society || Glanville Davies affair || Anna Kovalchuk || Hector MacQueen
valid,5a72429355429971e9dc9375,bridge,hard,What machine has the same name as another machine created by Ludwig Boltzmann?,Boltzmann machine,10,2,boltzmann machine || ludwig boltzmann,0,0.0,2,boltzmann machine || ludwig boltzmann,0,0.0,2,boltzmann machine || ludwig boltzmann,0,1,"ludwig boltzmann => ludwig boltzmann prize, ludwig boltzmann gesellschaft, ludwig boltzmann institut für menschenrechte",Maxwell–Boltzmann distribution || Ludwig Boltzmann Institute for Neo-Latin Studies || Ludwig Boltzmann Prize || Boltzmann equation || Ludwig Boltzmann Gesellschaft || Boltzmann brain || Boltzmann constant || Boltzmann Medal || Stefan–Boltzmann constant || Ludwig Boltzmann Institut für Menschenrechte
valid,5a7249b85542990c210a40b9,bridge,hard,Osireion is located to the rear of the temple named after which New Kingdom Nineteenth Dynasty of Egypt pharaoh?,Seti I,10,2,osireion || seti i,0,0.5,1,osireion,0,0.5,1,osireion,0,0,,Naharin || Younger Memnon || Military of ancient Egypt || Nineteenth Dynasty of Egypt family tree || Nineteenth Dynasty of Egypt || Ramesses II || Seti I || Wadi es-Sebua || KV10 || KV13
valid,5a7284c85542991f9a20c4c0,bridge,hard,What team is coached by former head college coach Connie Yori?,Nebraska Cornhuskers women's basketball,10,2,connie yori || nebraska cornhuskers women's basketball,0,0.5,1,nebraska cornhuskers women's basketball,0,0.5,1,nebraska cornhuskers women's basketball,0,0,,Bill Klucas || Larry Arico || Melvin Spears || Steve Fox (American football) || Jeff Leiker || Mack McCarthy || Mike Garland || Connie Yori || Willie Taggart || Charlton Young
valid,5a728f015542991f9a20c4e4,bridge,hard,Which star of Zork was also the voice of Pac-Man?,Martin Ingerman,10,2,marty ingels || zork: grand inquisitor,0,0.0,2,marty ingels || zork: grand inquisitor,0,0.0,2,marty ingels || zork: grand inquisitor,0,0,,Starkiller || Emiri Katō || Phantasy Star (video game) || Edan Gross || Dex Manley || Ravi Shukla || Shaan (singer) || Mario Castañeda || David Acord || Cory Doran
valid,5a728f3c5542992359bc30f4,bridge,hard,"Which football club appeared in the 2015 FA Community Shield Cup, as well as, the 2014–15 Premier League championship?",Chelsea,10,2,2014–15 premier league || 2015 fa community shield,0,0.5,1,2014–15 premier league,1,1.0,0,,1,0,,2014 FA Community Shield || 2012 FA Community Shield || 2003 FA Community Shield || 2010 FA Community Shield || 2016 FA Community Shield || 2005 FA Community Shield || 2015 FA Community Shield || 2013 FA Community Shield || 2002 FA Community Shield || 2009 FA Community Shield
valid,5a729e7b5542992359bc313d,bridge,hard,"Which river system in Chilhowie, Virginia was the starting place for most Longhunters?",Holston River,10,2,holston river || longhunter,0,0.0,2,holston river || longhunter,0,0.0,2,holston river || longhunter,0,0,,Pearl River (China) || Thái Bình river system || Cotter River System || Wekiva River || Brisbane River cod || Eastern freshwater cod || Thái Bình River || Blackback barb || Zambezi River System Action Plan || Red River system
valid,5a729fe55542991f9a20c53b,bridge,hard,What man is credited eith inventing both the Leyden jar and the Tribometer?,Pieter van Musschenbroek,10,2,pieter van musschenbroek || tribometer,0,0.5,1,tribometer,1,1.0,0,,1,0,,Leyden jar || Jar (unit) || The Old Jar Craftsman || Pieter van Musschenbroek || Franklin's electrostatic machine || Spurius Carvilius Ruga || Franklin bells || The Man (comics) || Man Mohan Suri || Christopher Gibbs
valid,5a72a5a75542992359bc314e,bridge,hard,Who is the British explorer and holder of several endurance records who partnered with Mike Stroud on polar expiditions?,Sir Ranulph Twisleton-Wykeham-Fiennes,10,2,mike stroud (physician) || ranulph fiennes,0,0.5,1,mike stroud (physician),0,0.5,1,mike stroud (physician),0,0,,Bobbi Trout || Freya Hoffmeister || Tarka L'Herpiniere || Roy Koerner || Rosie Stancer || Magnifique (album) || Ranulph Fiennes || Ratatat Remixes Vol. 1 || Mercedes Gleitze || Ratatat
valid,5a72ba165542992359bc318a,bridge,hard,Who runs the website surpassed by both Baidu Baike and Hudong.com?,Wikimedia Foundation,10,2,baidu baike || chinese wikipedia,0,0.5,1,chinese wikipedia,0,0.5,1,chinese wikipedia,0,0,,Baidu Tieba || Grass Mud Horse || Spill.com || Baike.com || Pan Haidong || Social Networking and Psychology || Baidu 10 Mythical Creatures || Corbin Fisher || Baidu Entertainment Hot Point Awards || Baidu Baike
valid,5a72e28f5542992359bc31ba,bridge,hard,Which technique did the director at Pzena Investment Management outline?,outlined by Joel Greenblatt,10,2,joel greenblatt || magic formula investing,0,0.5,1,magic formula investing,0,0.5,1,magic formula investing,0,0,,Separately managed account || Investment control || Orbis Investment Management || Joel Greenblatt || Barclays Wealth || Richard Pzena || Cowen Group || PIMCO || Royal London Asset Management || Journal of Investment Management
valid,5a73024f5542991f9a20c5fc,bridge,hard,what year was the cover artist of Multiverse: Exploring Poul Anderson's Worlds born ?,"September 13, 1960",10,2,bob eggleton || multiverse: exploring poul anderson's worlds,0,0.5,1,bob eggleton,0,0.5,1,bob eggleton,0,0,,The High Crusade || Quest (Anderson novelette) || The Psychotechnic League || Delenda Est || The Many Worlds of Poul Anderson || Multiverse: Exploring Poul Anderson's Worlds || Entity (short story) || The Best of Poul Anderson || Hoka! Hoka! Hoka! || Earthman's Burden
valid,5a7313865542994cef4bc442,bridge,hard,What type of bank organization is Pondicherry Gramin Bank that it operates in different States of India?,Regional Rural Bank,10,2,pondicherry gramin bank || regional rural bank,0,0.5,1,regional rural bank,1,1.0,0,,1,0,,"Maharashtra Gramin Bank || Bangiya Gramin Vikash Bank || Gramin Bank of Aryavart || Uttarakhand Gramin Bank || Bhogpur, Purba Medinipur || Vananchal Gramin Bank || Paschim Banga Gramin Bank || Pondicherry Gramin Bank || Madhyanchal Gramin Bank || Bihar Gramin Bank"
valid,5a7319e755429901807daf86,bridge,hard,Which NCAA record does the quarterback of the Minnesota Vikings hold?,most total touchdowns in NCAA history,10,2,case keenum || dan lefevour,0,0.0,2,case keenum || dan lefevour,0,0.0,2,case keenum || dan lefevour,0,0,,1990 Minnesota Vikings season || 1964 Minnesota Vikings season || 1997 Minnesota Vikings season || 1995 Minnesota Vikings season || 1996 Minnesota Vikings season || 1962 Minnesota Vikings season || Brad Johnson (American football) || Minnesota Vikings boat party scandal || 1994 Minnesota Vikings season || Minnesota Vikings Cheerleaders
valid,5a731a635542994cef4bc458,bridge,hard,What series has Smith worked on that is based on a novel by Margaret Atwood?,The Handmaid's Tale,10,2,scott michael smith || the handmaid's tale,0,0.0,2,scott michael smith || the handmaid's tale,0,0.0,2,scott michael smith || the handmaid's tale,0,0,,The Tent (Atwood book) || In the Wake of the Flood || The Edible Woman || Good Bones and Simple Murders || The Atwood Stories || Procedures for Underground || Double Persephone || THE IBCT || Surfacing (novel) || Margaret Atwood: Once in August
test,5a71231a5542994082a3e5c4,bridge,hard,"What edible, juicy fruit is grown on a deciduous tree called 'pesco' in Italian?",peach,10,2,peach || pesco,0,0.5,1,pesco,0,0.5,1,pesco,0,0,,Juicy Fruit (song) || Mtume || Amelanchier interior || Let It Go (Keyshia Cole song) || Juicy Fruit (album) || Quince || The One (Tamar Braxton song) || Peach || Sapindus mukorossi || Apple
test,5a713a5a5542994082a3e6a9,bridge,hard,What football club plays in the area between the old tool gates: Brook Bar and Trafford bar?,Manchester United,10,2,"manchester united f.c. in european football || old trafford, greater manchester",0,0.5,1,manchester united f.c. in european football,1,1.0,0,,1,1,manchester united f.c. in european football => manchester united f.c.,"ŠNK Radgona || Old Trafford, Greater Manchester || Trojans Rugby Football Club || Trafford Bar tram stop || Aquinas Old Collegians Football Club || Maxine's Tap Room || List of Manchester United F.C. players || Ragbi Klub Mornar Bar || Gorse Hill || Manchester United F.C."
test,5a713b325542994082a3e6b5,bridge,hard,What was the capital of India when the Taj Mahal was commissioned?,Agra,10,2,agra fort || taj mahal,0,0.0,2,agra fort || taj mahal,0,0.5,1,taj mahal,1,1,"taj mahal => taj mahal bangladesh, black taj mahal, taj mahal (1963 film)","Taj Mahal Bangladesh || She Caught the Katy || Taj corridor case || Kester Smith || R. Chandru || Taj Mahal, Bulandshahar || Black Taj Mahal || Taj Mahal (1963 film) || The Taj Mahal Palace Hotel || Taj Mahal replicas and derivatives"
test,5a713f395542994082a3e6ea,bridge,hard,Where does the state legislature in which John Coffin Talbot served convene?,the State House in Augusta,10,2,john c. talbot || maine legislature,0,0.5,1,maine legislature,0,0.5,1,maine legislature,0,0,,"John C. Talbot || Lester Bronson || List of Governors of Iowa || Charles William Grant, 5th Baron de Longueuil || Earl Talbot (East Indiaman) || Hawaii State Legislature || California State Legislature || John Coffin (scientist) || List of Governors of Montana || Arizona State Legislature"
test,5a71474b5542994082a3e74f,bridge,hard,What was triggered by the resignation of Conservative MP Stephen Phillips on 4 November 2016 and was when Caroline Johnson became a Member of Parliament?,The Sleaford and North Hykeham by-election,10,2,"caroline johnson || sleaford and north hykeham by-election, 2016",0,0.5,1,caroline johnson,0,0.5,1,caroline johnson,0,0,,"Ruth George || Tory Boy || Sutton and Cheam by-election, 1954 || Sleaford and North Hykeham by-election, 2016 || Thangam Debbonaire || Sandra Gidley || Ross Thomson || Alan Haselhurst || Chester by-election, 1916 || Stephen Phillips (politician)"
test,5a7148685542994082a3e761,bridge,hard,Paul Ziert recruited what two time gold medalist in gymnastics?,Bart Conner,10,2,bart conner || paul ziert,0,0.5,1,bart conner,0,0.5,1,bart conner,0,0,,Naoya Tsukahara || Venera Zaripova || José Raúl Delgado || Kavita Chahal || Paul Ziert || Larry Roeseler || Kiara Nowlin || Ewa Durska || Sebastien Konan || Martin Boonzaayer
test,5a714b645542994082a3e78b,bridge,hard,What year did Lindsey Broad star in the movie with Russell Brand and Jonah Hill?,2010,10,2,get him to the greek || lindsey broad,0,0.5,1,lindsey broad,0,0.5,1,lindsey broad,0,0,,The Russell Brand Show prank telephone calls row || Russell Brand's Got Issues || Get Him to the Greek || The Russell Brand Show (TV series) || Russell Brand's Ponderland || Christmas Wishes (The Office) || Brand X with Russell Brand || The Russell Brand Show (radio show) || Gettysburg (The Office) || Deadwood (song)
test,5a71646e5542994082a3e80e,bridge,hard,What is the proper name for the steroid used by the retired British track sprinter who is one of the fastest European sprinters in the history of athletics?,Tetrahydrogestrinone,10,2,dwain chambers || tetrahydrogestrinone,0,0.5,1,tetrahydrogestrinone,0,0.5,1,tetrahydrogestrinone,0,0,,Edward Moulton || Proper name (philosophy) || Somnus (horse) || Allan Wells || Richard Kilty || Heather Armitage || Dwain Chambers || Jana Kolukanova || Masarjawaih || Steve Backley
test,5a716f575542994082a3e82f,comparison,hard,Was it  Ishmael Reed or Joseph Campbell who said Follow your bliss?,Joseph John Campbell,10,2,ishmael reed || joseph campbell,0,0.0,2,ishmael reed || joseph campbell,0,0.0,2,ishmael reed || joseph campbell,0,0,,Robert Walter (editor) || PEN Oakland || The Signifying Monkey || The Last Days of Louisiana Red || Mumbo Jumbo (novel) || Sacred Ground (David Murray album) || Yellow Back Radio Broke-Down || The Power of Myth || Before Columbus Foundation || A Gathering of the Tribes (Cultural Organization)
test,5a721a7655429971e9dc9271,bridge,hard,What actor from the show Murphy Brown also had a role in a show with fellow actor Steve Howey? ,Christopher Rich,10,2,christopher rich (actor) || reba (season 1),0,0.0,2,christopher rich (actor) || reba (season 1),0,0.0,2,christopher rich (actor) || reba (season 1),0,0,,Jason Morgan (General Hospital) || Grizz Chapman || Shuko Akune || Steve Peterson (actor) || Doug Dale || Jennifer Ventimilia || The Oldest Man (character) || Jay Thomas || Johnny Brown (actor) || The Middle (TV series)
test,5a721e0e55429971e9dc928d,comparison,hard,which university was founded first Duke University or Tufts University?,Duke University,10,2,duke university || tufts university,0,0.5,1,duke university,0,0.5,1,duke university,0,0,,The Zamboni (magazine) || Pedram Hamrah || Tufts University || Frederick M. Ellis || Friedman School of Nutrition Science and Policy || Tufts University School of Medicine || The Tufts Observer || History of Tufts University || Tufts OpenCourseWare || Tufts University School of Dental Medicine
test,5a7263e05542997f82783998,bridge,hard,What medieval fortress is believed to refer to a chapel at the bottom of a hill?,Bonkyll Castle,10,2,bonkyll castle || buncle,0,0.0,2,bonkyll castle || buncle,0,0.0,2,bonkyll castle || buncle,0,0,,Prozor Fortress || Nicopsis || Pirlitor || Saranta Kolones || Asen's Fortress || Tønsberg Fortress || Prizren Fortress || Glamoč Fortress || Zvečan Fortress || Fortress of Klis
test,5a7264ed5542990c210a411a,bridge,hard,What was the slogan  that came about from the idea of Lebensraum which had its most extreme form supported by the Nazi Party until the end of World War II?,Blood and soil,10,2,blood and soil || lebensraum,0,0.5,1,blood and soil,0,0.5,1,blood and soil,0,0,,Gauleiter || Nazi Party of Costa Rica || Nazi Germany || Betriebsobmann || Martin Heidegger and Nazism || Otto Strasser || Der Stürmer || Otto Telschow || Lebensraum || Karl-Heinz Schnibbe
test,5a727e1b5542991f9a20c497,bridge,hard,"In which song was written by singer-songwriter Taylor Swift and shares the optimistic lyrical message to a song called ""Yodel It!""?",Shake It Off,10,2,shake it off || yodel it!,0,0.5,1,shake it off,0,0.5,1,shake it off,0,0,,Beautiful Eyes || Begin Again (Taylor Swift song) || White Horse (Taylor Swift song) || Yodel It! || Picture to Burn || Our Song (Taylor Swift song) || Love Story (Taylor Swift song) || Taylor Swift (album) || Fearless (Taylor Swift song) || Teardrops on My Guitar
test,5a72830e5542994cef4bc2f9,bridge,hard,"Where is the company that distributed XXXTentacion's single ""Revenge"" based?","San Francisco, California",10,2,empire distribution || revenge (song),0,0.5,1,empire distribution,0,0.5,1,empire distribution,0,0,,Black Is White || IRIS Distribution || 17 (XXXTentacion album) || Fortress of Amerikkka || Pro-Active Entertainment Group || Look at Me (XXXTentacion song) || Revenge (XXXTentacion album) || The Warped Ones || Revenge (song) || The First Wives Club
test,5a728b1c5542992359bc30e0,bridge,hard,"Which member of the boy group Shinee released their first studio album ""She is""?",Jonghyun,10,2,kim jong-hyun (singer) || she is,0,0.5,1,she is,0,0.5,1,she is,0,0,,List of songs written by Kim Jong-hyun || Sherlock (EP) || Shinee World 2014 || Shinee World 2012 || The First (album) || Kim Jong-hyun (singer) || List of awards and nominations received by Shinee || 1 of 1 (album) || Romeo (EP) || Shinee World 2013
test,5a728f745542991f9a20c4e6,comparison,hard,"Which magazine was founded first, Diva or Elle?",Elle,10,2,diva (magazine) || elle (magazine),0,0.0,2,diva (magazine) || elle (magazine),0,0.0,2,diva (magazine) || elle (magazine),0,0,,Katarina Ivanovska || First Descents || Syracuse Triad || Angélique Kidjo || Stewart Spiers || Penco || Krefeld Pinguine || Sarra Manning || Andrew Bryan (Baptist) || Tanta University
test,5a728fbd5542992359bc30f8,bridge,hard,Who was convicted of murdering the director of Schoolboy Crush?,Harlow Cuadra and Joseph Kerekes,10,2,bryan kocis || schoolboy crush (film),0,0.5,1,bryan kocis,0,0.5,1,bryan kocis,0,0,,School Boy Crush || Dena Thompson || Halftime (song) || Schoolboy Crush (film) || Randy Roth || Kenneth Foster || Louise Peete || Move It || Isaac B. Desha || Edward William Pritchard
test,5a7294b65542991f9a20c509,bridge,hard,What is the name of the umcoming horror film adaptation starring Melanie Griffiths daughter?,Suspiria,10,2,dakota johnson || suspiria (upcoming film),0,0.0,2,dakota johnson || suspiria (upcoming film),0,0.0,2,dakota johnson || suspiria (upcoming film),0,0,,"Shining Through (disambiguation) || Old Yeller || Phantom of the Opera (1943 film) || Working Girl (TV series) || Erik (The Phantom of the Opera) || Rose-Marie (1928 film) || Paper Street Soap Co. || Love, Lies and Seeta || Love means never having to say you're sorry || Melanie"
test,5a72953b5542994cef4bc357,bridge,hard,What Labor member of the House of Representatives in the Australian Parliament was a member of the Australian Labor Party Australian Young Labor?,Tony Burke,10,2,australian young labor || tony burke,0,0.5,1,tony burke,0,0.5,1,tony burke,0,0,,Charles Howroyd || Jack Mullens || Joe Gander || Jack Cremean || Australian Labor Party split of 1916 || Tom Andrews (Australian politician) || Tom Sheehan (politician) || Fred Stanley (politician) || Australian Young Labor || Frank Scully (politician)
test,5a729cc25542991f9a20c532,bridge,hard,Which author wrote about a woman captured by the Symbionese Liberation Army?,Paul Avery,10,2,patty hearst || paul avery,0,0.0,2,patty hearst || paul avery,0,0.5,1,paul avery,1,0,,Patricia Soltysik || Stuart Hanlon || American Woman (novel) || Tanya (1976 film) || James Kilgore || Wendy Yoshimura || Symbionese Liberation Army || Sindhudesh Liberation Army || Angela Atwood || Thero Wheeler
test,5a72a3c45542994cef4bc3ac,bridge,hard,"What is the birth name of the woman that ""A Woman Called Moses"" is based on?",Araminta Ross,10,2,a woman called moses || harriet tubman,0,0.5,1,harriet tubman,0,0.5,1,harriet tubman,0,0,,"A Woman Called Moses || Mental As Anything || Mogue Kearns || California Birth Index || Harriet, the Woman Called Moses || Iytjenu || Finding of Moses || Lupin the Third: The Woman Called Fujiko Mine || Elf (album) || Tobias Hainyeko constituency"
test,5a72a9145542994cef4bc3c1,bridge,hard,Which player signed to Bayern Munich before the 2012-2013 season was known mostly as a central defender?,Dante,10,2,2012–13 fc bayern munich season || dante (footballer),0,0.0,2,2012–13 fc bayern munich season || dante (footballer),0,0.5,1,dante (footballer),1,1,"2012–13 fc bayern munich season => 2017–18 fc bayern munich season, 2016–17 fc bayern munich season, 1987–88 fc bayern munich season",2017–18 FC Bayern Munich season || 1987–88 FC Bayern Munich season || FC Bayern Munich II || 2016–17 FC Bayern Munich season || 1984–85 FC Bayern Munich season || Uli Hoeneß Cup || Herbert Erhardt || 2013 Audi Cup || 2012–13 DFB-Pokal || Grünwalder Stadion
test,5a72abb95542992359bc3162,comparison,hard,Which film was not a 3D computer-animation Cars 3 or Smith!?,Smith!,10,2,cars 3 || smith!,0,0.5,1,smith!,0,0.5,1,smith!,0,0,,Paul Newman || Mater (Cars) || Armie Hammer || Cars 3 (2009 film) || R9 (New York City Subway car) || Ben Queen || Cheech Marin || Cars 3 || Cars 3: Driven to Win || Lightning McQueen
test,5a72b9155542992359bc3187,bridge,hard,What service is an Amtrak flagship that includes BWI Rail Station as one of its Amtrak intercity services?,Acela Express,10,2,acela express || bwi rail station,0,0.5,1,acela express,0,0.5,1,acela express,0,0,,BWI Marshall Airport Shuttle || Gainesville station (Texas) || BWI Business Partnership LINK Shuttle || Riverside – Downtown station || Glenview station || Crum Lynne station || Pomona station (California) || BWI Rail Station || California Car (railcar) || Tuscaloosa station
test,5a72e4375542992359bc31bf,bridge,hard,"Who is older, Lucy Gichuhi or Bob Day?",Bob Day,10,2,bob day || lucy gichuhi,0,0.5,1,bob day,0,0.5,1,bob day,0,1,"bob day => bob day afternoon, bob day (disambiguation)",Lavina Fielding Anderson || Lucy Gichuhi || The Allisons || Ramblin' Gamblin' Man || Lucy and Superman || Bob Day Afternoon || The Story of Lucy Gault || Saint Lucy's Day || Bob Weiskopf || Bob Day (disambiguation)
test,5a72f1cf5542994cef4bc414,bridge,hard,Which English actor starred in the 1995 american romantic drama film The Scarlet Letter alongside Demi Moore and Robert Duvall?,Gary Oldman,10,2,gary oldman || the scarlet letter (1995 film),0,0.5,1,gary oldman,0,0.5,1,gary oldman,0,0,,The Scarlet Letter (1922 film) || Streak (film) || The Bridges of Madison County (film) || The Scarlet Letter (1995 film) || Blame It on Rio || Phenomenon (film) || Robert Duvall filmography || Stalin (1992 film) || Wild Horses (2015 film) || Passion of Mind
test,5a72f74a55429901807daf59,bridge,hard,"Which American comedian born on March 21, 1962, appeared in the movie ""Sleepless in Seattle?""",Rosie O'Donnell,10,2,rosie o'donnell || sleepless in seattle,0,0.5,1,sleepless in seattle,1,1.0,0,,1,0,,Bokuzen Hidari || Shaheed Woods || Marty Belafsky || Helen Atkinson-Wood || Rosie O'Donnell || Chandra Lee Schwartz || Tim Bedore || List of Seattle Sounders FC 2 players || Yannis Pappas || Barry Ackerley
test,5a7300b85542994cef4bc41a,comparison,hard,"Gaia is a space observatory of the European Space Agency, what is Astrosat?",India's first dedicated multi-wavelength space observatory.,10,2,astrosat || gaia (spacecraft),0,0.5,1,astrosat,0,0.5,1,astrosat,0,0,,Telespazio VEGA UK || Gaia (spacecraft) || Director General of the European Space Agency || XEUS || Herschel Space Observatory || ESA Centre for Earth Observation || Robert Fosbury || Austrian Space Agency || Infrared Science Archive || COROT
test,5a7344e95542991f9a20c6ce,bridge,hard,What song was number 4 on the charts when a song from FutureSex/LoveSounds was number 1?,Rudebox,10,2,rudebox (song) || sexyback,0,0.0,2,rudebox (song) || sexyback,0,0.0,2,rudebox (song) || sexyback,0,0,,Daddy Don't You Walk So Fast || Between Now and Forever || I Think We're Alone Now || Double Barrel || B*Witched discography || FutureSex/LoveSound || I Want to Be Loved Like That || Dead and Gone || Galveston (song) || BTS discography
