method_name,policy,tau_answer,case_type,taxonomy,id,original_id,question,gold_answer,sufficiency_label,risk_score,decision,audit_support_title_coverage,audit_gold_answer_in_top5,query_token_coverage_union,title_token_coverage_union,embedding_top1_share,top5_titles
logistic_regression/v3_all/isotonic,risk_control@suff_abstain15,0.5,safe_answer,safe_answer,5a75e62f5542992d0ec06013__official_intro_link_bridge_support_reranker_random_forest_balanced_all_blend1_00_top5,5a75e62f5542992d0ec06013,"Johnny Mathis: Wonderful Wonderful aired at what luxury hotel, casino and spa resort located in Atlantic City, New Jersey?",Tropicana Casino & Resort,sufficient,0.0,answer,1.0,1.0,0.9444444444444444,0.5,0.2253410464740137,"Tropicana Casino & Resort Atlantic City || Johnny Mathis: Wonderful, Wonderful! || Atlantic City, New Jersey || Borgata || Caesars Atlantic City"
logistic_regression/v3_all/isotonic,risk_control@suff_abstain15,0.5,safe_answer,safe_answer,5a7a59d15542996c55b2dd67__official_intro_link_bridge_support_reranker_random_forest_balanced_all_blend1_00_top5,5a7a59d15542996c55b2dd67,What other female rappers appeared Brittany Nicole Carpentero in the official remix to My Chick Bad?,"Eve, and Trina",sufficient,0.0,answer,1.0,1.0,0.9375,0.375,0.2759018988462708,My Chick Bad || Diamond (rapper) || The Legendary Traxster || Nicole Andrews || Turn the Other Chick
logistic_regression/v3_all/isotonic,risk_control@suff_abstain15,0.5,safe_answer,safe_answer,5a7e37095542995ed0d166d5__official_intro_link_bridge_support_reranker_random_forest_balanced_all_blend1_00_top5,5a7e37095542995ed0d166d5,"Which film director is younger, Robert Z. Leonard or Sinclair Hill?",Sinclair Hill,sufficient,0.0,answer,1.0,1.0,0.9090909090909091,0.6363636363636364,0.2218441406070788,Sinclair Hill || Robert Z. Leonard || Film director || Film producer || Screenwriter
logistic_regression/v3_all/isotonic,risk_control@suff_abstain15,0.5,safe_answer,safe_answer,5a7fb1e55542995d8a8ddef7__official_intro_link_bridge_support_reranker_random_forest_balanced_all_blend1_00_top5,5a7fb1e55542995d8a8ddef7,"Which documentary film premiered first, Grizzly Man or Pray the Devil Back to Hell?",Grizzly Man,sufficient,0.0,answer,1.0,1.0,0.9285714285714286,0.7142857142857143,0.24654478854485373,Pray the Devil Back to Hell || Grizzly Man || Abigail Disney || Documentary film || Tribeca Film Festival
logistic_regression/v3_all/isotonic,risk_control@suff_abstain15,0.5,safe_answer,safe_answer,5a827ce155429940e5e1a8d7__official_intro_link_bridge_support_reranker_random_forest_balanced_all_blend1_00_top5,5a827ce155429940e5e1a8d7,"Which player won more Grand Slam titles, Kevin Ullyett or Billie Jean King?",Billie Jean King,sufficient,0.0,answer,1.0,1.0,0.8461538461538461,0.5384615384615384,0.24762861461596083,Billie Jean King || Kevin Ullyett || Grand Slam (tennis) || Larisa Neiland || Judy Tegart-Dalton
logistic_regression/v3_all/isotonic,risk_control@suff_abstain15,0.5,safe_answer,safe_answer,5a84b7db5542991dd0999db0__official_intro_link_bridge_support_reranker_random_forest_balanced_all_blend1_00_top5,5a84b7db5542991dd0999db0,Are both Götterdämmerung and Dafne considered operas?,no,sufficient,0.0,answer,1.0,1.0,1.0,0.4444444444444444,0.13593337551747162,Dafne || Götterdämmerung || Götterdämmerung discography || Richard Wagner || Marjorie Lawrence
logistic_regression/v3_all/isotonic,risk_control@suff_abstain15,0.5,safe_answer,safe_answer,5a8a803b55429930ff3c0e04__official_intro_link_bridge_support_reranker_random_forest_balanced_all_blend1_00_top5,5a8a803b55429930ff3c0e04,Jean Hudson Boyd is known for her controversial sentencing of Ethan Couch. What was his sentence?,ten years of probation,sufficient,0.0,answer,1.0,1.0,1.0,0.375,0.22679632754542756,"Jean Hudson Boyd || Ethan Couch || Sentence (law) || Tarrant County, Texas || Judge"
logistic_regression/v3_all/isotonic,risk_control@suff_abstain15,0.5,safe_answer,safe_answer,5a8b77705542995d1e6f13aa__official_intro_link_bridge_support_reranker_random_forest_balanced_all_blend1_00_top5,5a8b77705542995d1e6f13aa,What American broadcasting company broadcasted the comedy show hosted by Emma Willmann?,Sirius XM Holdings,sufficient,0.0,answer,1.0,1.0,0.8333333333333334,0.4166666666666667,0.2483064736661519,Emma Willmann || The Late Show with Stephen Colbert || Sirius XM Holdings || Comedy || Stand-up comedy
logistic_regression/v3_all/isotonic,risk_control@suff_abstain15,0.5,safe_answer,safe_answer,5ab57759554299637185c5a5__official_intro_link_bridge_support_reranker_random_forest_balanced_all_blend1_00_top5,5ab57759554299637185c5a5,Princess Marie-Clementine Bagration was the illegitimate daughter of the Austrian Empire's Foreign Minister whose resignation was forced by what?,the liberal revolutions of 1848,sufficient,0.0,answer,1.0,1.0,0.8421052631578947,0.2631578947368421,0.28221719228139164,Marie-Clementine Bagration || Klemens von Metternich || Princess Marie of Windisch-Graetz || Catherine Bagration || Historical assessment of Klemens von Metternich
logistic_regression/v3_all/isotonic,risk_control@suff_abstain15,0.5,safe_answer,safe_answer,5ab9547755429970cfb8ea6c__official_intro_link_bridge_support_reranker_random_forest_balanced_all_blend1_00_top5,5ab9547755429970cfb8ea6c,St Dionis Backchurch was rebuilt after a major conflagration that consumed how many parish churches?,87,sufficient,0.0,answer,1.0,1.0,0.9333333333333333,0.26666666666666666,0.2513160444623514,St Dionis Backchurch || Great Fire of London || Christopher Wren || City of London || List of Christopher Wren churches in London
logistic_regression/v3_all/isotonic,risk_control@suff_abstain15,0.5,safe_answer,safe_answer,5ab985eb554299131ca42360__official_intro_link_bridge_support_reranker_random_forest_balanced_all_blend1_00_top5,5ab985eb554299131ca42360,"Between Greyia and Calibanus, which genus contains more species?",Greyia,sufficient,0.0,answer,1.0,1.0,1.0,0.4444444444444444,0.2617986551148146,Greyia || Calibanus || Species || Genus || Melianthaceae
logistic_regression/v3_all/isotonic,risk_control@suff_abstain15,0.5,safe_answer,safe_answer,5aba5e2555429955dce3edf1__official_intro_link_bridge_support_reranker_random_forest_balanced_all_blend1_00_top5,5aba5e2555429955dce3edf1,Where does Yannick Ferreira Carrasco play home games?,Wanda Metropolitano,sufficient,0.0,answer,1.0,1.0,0.75,0.375,0.2515793266721263,Yannick Ferreira Carrasco || Atlético Madrid || Belgium national football team || Isabel Carrasco || Association football
logistic_regression/v3_all/isotonic,risk_control@suff_abstain15,0.5,safe_answer,safe_answer,5ac46bb05542991943173983__official_intro_link_bridge_support_reranker_random_forest_balanced_all_blend1_00_top5,5ac46bb05542991943173983,Are both Schweizerischer Niederlaufhund and Portuguese Podengo dog breeds from Portugal?,no,sufficient,0.0,answer,1.0,1.0,0.9090909090909091,0.45454545454545453,0.22639300468680074,Schweizerischer Niederlaufhund || Portuguese Podengo || Dog breed || Dog type || Dog
logistic_regression/v3_all/isotonic,risk_control@suff_abstain15,0.5,safe_answer,safe_answer,5adef1b35542993a75d263af__official_intro_link_bridge_support_reranker_random_forest_balanced_all_blend1_00_top5,5adef1b35542993a75d263af,which Mexican and American film actress is Ethel Houbiers  French voice of ,Salma Hayek Pinault,sufficient,0.0,answer,1.0,1.0,1.0,0.16666666666666666,0.290871219076094,Ethel Houbiers || Salma Hayek || Penélope Cruz || Ethel Merman || Ethel Clayton
logistic_regression/v3_all/isotonic,risk_control@suff_abstain15,0.5,safe_answer,safe_answer,5ae16ea85542990adbacf790__official_intro_link_bridge_support_reranker_random_forest_balanced_all_blend1_00_top5,5ae16ea85542990adbacf790,When did the UVF Mid-Ulster Brigade conducted the attack The Miami Showband killings?,31 July 1975,sufficient,0.0,answer,1.0,1.0,0.8333333333333334,0.6666666666666666,0.20674204796678633,UVF Mid-Ulster Brigade || Miami Showband killings || The Miami Showband || Ulster Volunteer Force || Billy Hanna
logistic_regression/v3_all/isotonic,risk_control@suff_abstain15,0.5,safe_answer,safe_answer,5ae4a1ef55429970de88d9e7__official_intro_link_bridge_support_reranker_random_forest_balanced_all_blend1_00_top5,5ae4a1ef55429970de88d9e7,When was the  Argentine former footballer which  Dutch manager Ronald Koeman replaced in  2014–15 Southampton F.C. season born,2 March 1972,sufficient,0.0,answer,1.0,1.0,1.0,0.4,0.22633994132677607,2014–15 Southampton F.C. season || Mauricio Pochettino || Ronald Koeman || Southampton F.C. || 2014–15 FA Cup
logistic_regression/v3_all/isotonic,risk_control@suff_abstain15,0.5,safe_answer,safe_answer,5ae78f3b554299540e5a5608__official_intro_link_bridge_support_reranker_random_forest_balanced_all_blend1_00_top5,5ae78f3b554299540e5a5608,Mr. & Mrs. Mxyzptlk is an episode of the superhero TV series that originally aired on what network?,CBS,sufficient,0.0,answer,1.0,1.0,0.9411764705882353,0.4117647058823529,0.2540472646037784,Mr. & Mrs. Mxyzptlk || Supergirl (TV series) || The CW || Mr & Mrs (TV series) || ITV (TV network)
logistic_regression/v3_all/isotonic,risk_control@suff_abstain15,0.5,safe_answer,safe_answer,5a8220db5542995ce29dccc1__official_intro_link_bridge_support_reranker_random_forest_balanced_all_blend1_00_top5,5a8220db5542995ce29dccc1,Which was secretary to President Richard Nixon: Rose Mary Woods or H. R. Haldeman?,Rose Mary Woods,sufficient,0.018182560996230075,answer,1.0,1.0,0.9285714285714286,0.5714285714285714,0.24651663601229037,Rose Mary Woods || H. R. Haldeman || John Ehrlichman || Richard Nixon || White House Chief of Staff
logistic_regression/v3_all/isotonic,risk_control@suff_abstain15,0.5,safe_answer,safe_answer,5addc79d5542995b365fab7b__official_intro_link_bridge_support_reranker_random_forest_balanced_all_blend1_00_top5,5addc79d5542995b365fab7b,"Which episode of SpongeBob SquarePants aired first, The Clash of Triton or To SquarePants or Not to SquarePants?""",To SquarePants or Not to SquarePants,sufficient,0.019881499208644664,answer,1.0,1.0,1.0,0.6923076923076923,0.26361663503608834,The Clash of Triton || To SquarePants or Not to SquarePants || SpongeBob SquarePants (season 6) || List of SpongeBob SquarePants guest stars || SpongeBob SquarePants (season 5)
logistic_regression/v3_all/isotonic,risk_control@suff_abstain15,0.5,safe_answer,safe_answer,5a72f1cf5542994cef4bc414__official_intro_link_bridge_support_reranker_random_forest_balanced_all_blend1_00_top5,5a72f1cf5542994cef4bc414,Which English actor starred in the 1995 american romantic drama film The Scarlet Letter alongside Demi Moore and Robert Duvall?,Gary Oldman,sufficient,0.04667360394558372,answer,1.0,1.0,0.9473684210526315,0.47368421052631576,0.22641449243873196,The Scarlet Letter (1995 film) || Demi Moore || Robert Duvall || Gary Oldman || The Scarlet Letter
logistic_regression/v3_all/isotonic,risk_control@suff_abstain15,0.5,false_answer,answer_leakage_with_missing_support,5ae2b83c5542992decbdcd7f__official_intro_link_bridge_support_reranker_random_forest_balanced_all_blend1_00_top5,5ae2b83c5542992decbdcd7f,Typically how many pages were in the fiction magazine in which Robert E. Howard wrote in 1930s?,128 pages,insufficient,0.05555555555555555,answer,0.5,1.0,0.8,0.3333333333333333,0.21493631717364609,Robert E. Howard || Conan the Barbarian || Pulp magazine || Robert E. Howard bibliography (poems A–H) || Robert E. Howard bibliography (poems I–O)
logistic_regression/v3_all/isotonic,risk_control@suff_abstain15,0.5,false_answer,high_embedding_false_safe,5a8d0c74554299585d9e37a1__official_intro_link_bridge_support_reranker_random_forest_balanced_all_blend1_00_top5,5a8d0c74554299585d9e37a1,"Which river flows next to the German town where the music project ""I Drink My Coffee Alone"" by Alex Gazin originates from?",Moselle,insufficient,0.06896551724137931,answer,0.5,0.0,0.7142857142857143,0.2857142857142857,0.2541698301470454,I Drink My Coffee Alone || Electronic musical instrument || Electronic music || Deathcore || Rüdesheimer Kaffee
logistic_regression/v3_all/isotonic,risk_control@suff_abstain15,0.5,false_answer,missing_support_high_query_coverage,5ab1dcab5542993be8fa985e__official_intro_link_bridge_support_reranker_random_forest_balanced_all_blend1_00_top5,5ab1dcab5542993be8fa985e,"What was the middle name of the actress who was cast alongside Harvey Fierstein, Linda Hart, Dick Latessa, Clarke Thorell, Mary Bond Davis, Laura Bell Bundy, Matthew Morrison, Corey Reynolds, and Marissa Jaret Winokur in Hairspray?",Marie,insufficient,0.06896551724137931,answer,0.5,0.0,0.9117647058823529,0.35294117647058826,0.22696518909124327,Hairspray (2002 album) || Marissa Jaret Winokur || Laura Bell Bundy || Mary Bond Davis || Dick Latessa
logistic_regression/v3_all/isotonic,risk_control@suff_abstain15,0.5,false_answer,high_embedding_false_safe,5ab4304a55429942dd415ec5__official_intro_link_bridge_support_reranker_random_forest_balanced_all_blend1_00_top5,5ab4304a55429942dd415ec5,To where did the war criminal who is the fictional defendant in the film After the Truth flee in real life ?,South America,insufficient,0.06896551724137931,answer,0.5,0.0,0.7058823529411765,0.4117647058823529,0.2179902321551853,After the Truth || In Real Life || Real life || Defendant || Defense (legal)
logistic_regression/v3_all/isotonic,risk_control@suff_abstain15,0.5,false_answer,answer_leakage_with_missing_support,5adf3e835542993a75d26442__official_intro_link_bridge_support_reranker_random_forest_balanced_all_blend1_00_top5,5adf3e835542993a75d26442,Which comic series involves characters such as Nick Fury and Baron von Strucker?,Marvel,insufficient,0.06896551724137931,answer,0.5,1.0,0.9230769230769231,0.46153846153846156,0.2279772142474232,Fenris (comics) || Baron Strucker || Nick Fury || American comic book || Werner von Strucker
logistic_regression/v3_all/isotonic,risk_control@suff_abstain15,0.5,false_answer,answer_leakage_with_missing_support,5a76a0005542993569682c64__official_intro_link_bridge_support_reranker_random_forest_balanced_all_blend1_00_top5,5a76a0005542993569682c64,"Which American film director is an advisor for Disney, Rick Ray or John Lasseter?",John Alan Lasseter,insufficient,0.08695652173913043,answer,0.5,1.0,0.8571428571428571,0.35714285714285715,0.2263088721475829,John Lasseter || Walt Disney Animation Studios || Film director || Film producer || DisneyToon Studios
logistic_regression/v3_all/isotonic,risk_control@suff_abstain15,0.5,false_answer,answer_leakage_with_missing_support,5a7b85ac5542997c3ec971ef__official_intro_link_bridge_support_reranker_random_forest_balanced_all_blend1_00_top5,5a7b85ac5542997c3ec971ef,Milo Parker starred in which 2014 movie alongside Gillian Anderson?,Robot Overlords,insufficient,0.08695652173913043,answer,0.5,1.0,0.9,0.4,0.20917388489118022,Milo Parker || Gillian Anderson || Francesca Fowler || Camille Anderson || Straightheads
logistic_regression/v3_all/isotonic,risk_control@suff_abstain15,0.5,false_answer,answer_leakage_with_missing_support,5a7d54165542995f4f402256__official_intro_link_bridge_support_reranker_random_forest_balanced_all_blend1_00_top5,5a7d54165542995f4f402256,"A medieval fortress in Dirleton, East Lothian, Scotland borders on the south side of what coastal area?",Yellowcraig,insufficient,0.08695652173913043,answer,0.5,1.0,0.8235294117647058,0.23529411764705882,0.2265933473792863,Dirleton Castle || North Berwick || Lothian and Borders || Dirleton || East Lothian
logistic_regression/v3_all/isotonic,risk_control@suff_abstain15,0.5,false_answer,answer_leakage_with_missing_support,5a7fa08d55429969796c1af7__official_intro_link_bridge_support_reranker_random_forest_balanced_all_blend1_00_top5,5a7fa08d55429969796c1af7,"Were the board games, Clans and Drunter und Drüber, both created by Leo Colovini?",Drunter und Drüber is a multiplayer board game invented by Klaus Teuber,insufficient,0.08695652173913043,answer,0.5,1.0,0.7333333333333333,0.4666666666666667,0.23113084174650186,Drunter und Drüber || Leo Colovini || 1991 in games || Hans im Glück || Franz Vohwinkel
logistic_regression/v3_all/isotonic,risk_control@suff_abstain15,0.5,false_answer,missing_support_high_query_coverage,5a81108855429926c1cdace2__official_intro_link_bridge_support_reranker_random_forest_balanced_all_blend1_00_top5,5a81108855429926c1cdace2,"What is the global rank by population of the city that Daewoong Pharmaceutical Co., Ltd is based in?",world's 16th largest city,insufficient,0.08695652173913043,answer,0.5,0.0,0.8125,0.3125,0.22697491849250595,"Daewoong Pharmaceutical Co., Ltd || Over-the-counter drug || South Korea || Health care || Pharmaceutical drug"
logistic_regression/v3_all/isotonic,risk_control@suff_abstain15,0.5,false_answer,answer_leakage_with_missing_support,5a84b8555542991dd0999db2__official_intro_link_bridge_support_reranker_random_forest_balanced_all_blend1_00_top5,5a84b8555542991dd0999db2,The casino owner who was focused on the documentary Nobody Speak: Trials of the Free Press focuses belongs to which nationality? ,American,insufficient,0.08695652173913043,answer,0.5,1.0,0.7894736842105263,0.3684210526315789,0.25827158454206606,Nobody Speak: Trials of the Free Press || Brian Knappenberger || Nobody Speak || Bollea v. Gawker || Peter Thiel
logistic_regression/v3_all/isotonic,risk_control@suff_abstain15,0.5,false_answer,answer_leakage_with_missing_support,5a88a5645542997e5c09a679__official_intro_link_bridge_support_reranker_random_forest_balanced_all_blend1_00_top5,5a88a5645542997e5c09a679,"Which was published first, Take It Easy or Personal Preference?",Take It Easy,insufficient,0.08695652173913043,answer,0.5,1.0,0.9,0.5,0.23862168630990477,Personal Preference || Take It Easy || Parker Brothers || Easy to Take || Take It Easy Chicken
logistic_regression/v3_all/isotonic,risk_control@suff_abstain15,0.5,false_answer,answer_leakage_with_missing_support,5a898872554299669944a540__official_intro_link_bridge_support_reranker_random_forest_balanced_all_blend1_00_top5,5a898872554299669944a540,What was the name of Kalyanji Virji Shah's brother who won the Filmfare Award for Best Music Director?,Anandji Virji Shah,insufficient,0.08695652173913043,answer,0.5,1.0,0.9444444444444444,0.5,0.22834338037056967,Kalyanji Virji Shah || Anandji Virji Shah || Filmfare Award for Best Music Director || Padma Shri || Bairaag
logistic_regression/v3_all/isotonic,risk_control@suff_abstain15,0.5,false_answer,high_embedding_false_safe,5a90b4fe55429916514e7525__official_intro_link_bridge_support_reranker_random_forest_balanced_all_blend1_00_top5,5a90b4fe55429916514e7525,How many films did the star of Tum Milo Toh Sahi appear in? ,110,insufficient,0.08695652173913043,answer,0.5,0.0,0.6923076923076923,0.3076923076923077,0.22727272787975109,Tum Milo Toh Sahi || Bollywood || Anjana Sukhani || Rehan Khan || Dimple Kapadia
logistic_regression/v3_all/isotonic,risk_control@suff_abstain15,0.5,false_answer,answer_leakage_with_missing_support,5ab726415542993667793f52__official_intro_link_bridge_support_reranker_random_forest_balanced_all_blend1_00_top5,5ab726415542993667793f52,What type of group does Roses Are Red and Sleeping with Sirens have in common?,rock band,insufficient,0.08695652173913043,answer,0.5,1.0,0.7333333333333333,0.4,0.20296451037459481,Sleeping with Sirens || Roses Are Red || Madness (Sleeping with Sirens album) || Go Go Go (Sleeping with Sirens song) || Rock music
logistic_regression/v3_all/isotonic,risk_control@suff_abstain15,0.5,false_answer,high_embedding_false_safe,5ae13bf1554299422ee99634__official_intro_link_bridge_support_reranker_random_forest_balanced_all_blend1_00_top5,5ae13bf1554299422ee99634,What American pianist and composer was a guest muscian on the Manhattan Blues Project album by Steve Hunter?,Philip Aaberg,insufficient,0.08695652173913043,answer,0.5,0.0,0.7222222222222222,0.3333333333333333,0.22691607525588214,The Manhattan Blues Project || Joe Satriani || Steve Hunter || Joe Perry (musician) || 2Cellos
logistic_regression/v3_all/isotonic,risk_control@suff_abstain15,0.5,false_answer,missing_support_high_query_coverage,5a7b493855429931da12ca58__official_intro_link_bridge_support_reranker_random_forest_balanced_all_blend1_00_top5,5a7b493855429931da12ca58,The Good Dinosaur features the voice of what Canadian-born New Zealand actress?,Anna Helene Paquin,insufficient,0.1,answer,0.5,0.0,0.8333333333333334,0.5,0.1917751388878818,The Good Dinosaur || New Zealand || Lori Dungey || Susan Brady (actress) || Long Service and Good Conduct Medal (New Zealand)
logistic_regression/v3_all/isotonic,risk_control@suff_abstain15,0.5,false_answer,missing_support_high_query_coverage,5a84e9d35542994c784dda84__official_intro_link_bridge_support_reranker_random_forest_balanced_all_blend1_00_top5,5a84e9d35542994c784dda84,The Nike Mercurial Vapor is endorsed by a Stoke City football player who also plays for what national team?,the Switzerland national team,insufficient,0.1,answer,0.5,0.0,0.8421052631578947,0.15789473684210525,0.22727272553243663,Nike Mercurial Vapor || Alexis Sánchez || Carlos Bacca || Arturo Vidal || Cristiano Ronaldo
logistic_regression/v3_all/isotonic,risk_control@suff_abstain15,0.5,false_answer,missing_support_high_query_coverage,5a8782a25542993e715abf95__official_intro_link_bridge_support_reranker_random_forest_balanced_all_blend1_00_top5,5a8782a25542993e715abf95,"Which occurred first, Phillips v. Martin Marietta Corp. or Roth v. United States?",Roth v. United States,insufficient,0.1,answer,0.5,0.0,0.8333333333333334,0.5833333333333334,0.24309659816896806,"Phillips v. Martin Marietta Corp. || Martin Marietta || List of United States Supreme Court cases, volume 400 || United States Reports || Supreme Court of the United States"
logistic_regression/v3_all/isotonic,risk_control@suff_abstain15,0.5,false_answer,answer_leakage_with_missing_support,5a8af05d55429950cd6afc1a__official_intro_link_bridge_support_reranker_random_forest_balanced_all_blend1_00_top5,5a8af05d55429950cd6afc1a,Joe Ford played for which football club based out of Old Trafford?,Manchester United,insufficient,0.1,answer,0.5,1.0,0.75,0.25,0.2110755540476225,Old Trafford || Manchester United F.C. || List of Manchester United F.C. seasons || List of Manchester United F.C. managers || Battle of Old Trafford
logistic_regression/v3_all/isotonic,risk_control@suff_abstain15,0.5,successful_intercept,missing_support_no_answer_leakage,5a721e0e55429971e9dc928d__official_intro_link_bridge_support_reranker_random_forest_balanced_all_blend1_00_top5,5a721e0e55429971e9dc928d,which university was founded first Duke University or Tufts University?,Duke University,insufficient,1.0,abstain,0.5,0.0,0.625,0.25,0.1987280255273612,Tufts University || History of Tufts University || Experimental College (Tufts University) || Tufts University School of Dental Medicine || Tufts University Libraries
logistic_regression/v3_all/isotonic,risk_control@suff_abstain15,0.5,successful_intercept,missing_support_intercepted,5a79f04d5542996c55b2dca7__official_intro_link_bridge_support_reranker_random_forest_balanced_all_blend1_00_top5,5a79f04d5542996c55b2dca7,"Which long-established US university is older: University of California, Berkeley or Syracuse University?","University of California, Berkeley",insufficient,1.0,abstain,0.5,1.0,0.5833333333333334,0.3333333333333333,0.1971949826551926,"University of California, Berkeley || Southside, Berkeley, California || List of University of California, Berkeley alumni || List of University of California, Berkeley faculty || Berkeley, California"
logistic_regression/v3_all/isotonic,risk_control@suff_abstain15,0.5,successful_intercept,missing_support_no_answer_leakage,5a7cbf8c554299452d57b9f4__official_intro_link_bridge_support_reranker_random_forest_balanced_all_blend1_00_top5,5a7cbf8c554299452d57b9f4,"Which came out first, Dinosaur or McFarland, USA",Dinosaur,insufficient,1.0,abstain,0.5,0.0,0.25,0.25,0.20967383376544516,"McFarland, USA || McFarland School District || McFarland High School (Wisconsin) || McFarland, Wisconsin || Wisconsin Virtual Academy"
logistic_regression/v3_all/isotonic,risk_control@suff_abstain15,0.5,successful_intercept,missing_support_no_answer_leakage,5a7e0ed25542991319bc9424__official_intro_link_bridge_support_reranker_random_forest_balanced_all_blend1_00_top5,5a7e0ed25542991319bc9424,"The 249th episode of ""The Simpsons"" was aired on what date?","November 1, 2000",insufficient,1.0,abstain,0.0,0.0,0.8,0.4,0.2000536602176255,YOLO (The Simpsons) || The Town (The Simpsons) || The Simpsons Guy || Paths of Glory (The Simpsons) || Lisa's Date with Density
logistic_regression/v3_all/isotonic,risk_control@suff_abstain15,0.5,successful_intercept,missing_support_no_answer_leakage,5a7f40055542992e7d278cc0__official_intro_link_bridge_support_reranker_random_forest_balanced_all_blend1_00_top5,5a7f40055542992e7d278cc0, What did an English former footballer purchase in march 2009?,50 JJB Sports Fitness Clubs,insufficient,1.0,abstain,0.0,0.0,0.7,0.2,0.20317709259187472,Stuart Slater || Eddie Lowe (footballer) || Giuliano Grazioli || Eric Anderson (English footballer) || Bill Robertson (English footballer)
logistic_regression/v3_all/isotonic,risk_control@suff_abstain15,0.5,successful_intercept,missing_support_no_answer_leakage,5a8c622a554299240d9c2142__official_intro_link_bridge_support_reranker_random_forest_balanced_all_blend1_00_top5,5a8c622a554299240d9c2142,The Birthday of the World: and Other Stories was written by what fantasy and sci-fi author?,Ursula Kroeber Le Guin,insufficient,1.0,abstain,0.5,0.0,0.7333333333333333,0.6666666666666666,0.18474684520321943,The Birthday of the World: and Other Stories || Teen Choice Award for Choice Movie – Sci-Fi/Fantasy || Teen Choice Award for Choice Fantasy/Sci-Fi Series || Teen Choice Award for Choice TV Actress Fantasy/Sci-Fi || Teen Choice Award for Choice TV Actor Fantasy/Sci-Fi
logistic_regression/v3_all/isotonic,risk_control@suff_abstain15,0.5,successful_intercept,missing_support_no_answer_leakage,5ab1e3bb554299340b52541a__official_intro_link_bridge_support_reranker_random_forest_balanced_all_blend1_00_top5,5ab1e3bb554299340b52541a,the work of The Last Poets and Gil Scott Heron inspired music that fits under what larger sub-genre?,underground hip hop,insufficient,1.0,abstain,0.0,0.0,0.4444444444444444,0.2777777777777778,0.18956559481273816,Gil Scott-Heron || The Mind of Gil Scott-Heron || The Best of Gil Scott-Heron || Gil Heron || Secrets (Gil Scott-Heron album)
logistic_regression/v3_all/isotonic,risk_control@suff_abstain15,0.5,successful_intercept,missing_support_no_answer_leakage,5ab4428c5542990594ba9bda__official_intro_link_bridge_support_reranker_random_forest_balanced_all_blend1_00_top5,5ab4428c5542990594ba9bda,Do Lush and P.O.D. both consist of four band members?,yes,insufficient,1.0,abstain,0.5,0.0,0.4166666666666667,0.25,0.18987326589163178,Miki Berenyi || Ciao! Best of Lush || Chris Acland || Lush (band) || Emma Anderson
logistic_regression/v3_all/isotonic,risk_control@suff_abstain15,0.5,successful_intercept,missing_support_intercepted,5ab965f25542996be20204c3__official_intro_link_bridge_support_reranker_random_forest_balanced_all_blend1_00_top5,5ab965f25542996be20204c3,Teacher's Pet was both a movie and what?,television series,insufficient,1.0,abstain,0.0,1.0,0.6666666666666666,0.3333333333333333,0.19884379952869952,Teacher's Pet (The Following) || Teacher's Pet (comics) || Teacher's Pet (TV series) || Teacher's Pet (song) || Teacher's Pet (1958 film)
logistic_regression/v3_all/isotonic,risk_control@suff_abstain15,0.5,successful_intercept,missing_support_intercepted,5abba3255542996cc5e4a031__official_intro_link_bridge_support_reranker_random_forest_balanced_all_blend1_00_top5,5abba3255542996cc5e4a031,Are John O'Hara and Rabindranath Tagore the same nationality?,no,insufficient,1.0,abstain,0.5,1.0,0.5,0.3,0.1873810239151153,Rabindranath Tagore || Rabindranath Tagore (film) || Works of Rabindranath Tagore || The Last Harvest: Paintings of Rabindranath Tagore || Stories by Rabindranath Tagore
logistic_regression/v3_all/isotonic,risk_control@suff_abstain15,0.5,successful_intercept,missing_support_no_answer_leakage,5abd68b45542993062266c77__official_intro_link_bridge_support_reranker_random_forest_balanced_all_blend1_00_top5,5abd68b45542993062266c77,What did the main character in Unbroken do in the Olympics?,Olympic distance runner,insufficient,1.0,abstain,0.0,0.0,0.3333333333333333,0.2222222222222222,0.19944624435128214,Unbroken (band) || Can the Circle Be Unbroken (By and By) || Will the Circle Be Unbroken? || Unbroken Glass || HMS Unbroken
logistic_regression/v3_all/isotonic,risk_control@suff_abstain15,0.5,successful_intercept,missing_support_no_answer_leakage,5ac2a23a55429967731025cc__official_intro_link_bridge_support_reranker_random_forest_balanced_all_blend1_00_top5,5ac2a23a55429967731025cc,"Which semi-retired professional wrestler appeared in ""Final Score?""",David Michael Bautista Jr.,insufficient,1.0,abstain,0.0,0.0,0.5555555555555556,0.1111111111111111,0.18827413144483982,Jake Roberts || Richard Charland || Johnny Candido || Brad Anderson (wrestler) || Luke Williams (wrestler)
logistic_regression/v3_all/isotonic,risk_control@suff_abstain15,0.5,successful_intercept,missing_support_no_answer_leakage,5ac3e0f7554299194317388b__official_intro_link_bridge_support_reranker_random_forest_balanced_all_blend1_00_top5,5ac3e0f7554299194317388b,Which actor does American Beauty and American Beauty have in common?,Kevin Spacey,insufficient,1.0,abstain,0.0,0.0,0.6666666666666666,0.4444444444444444,0.18774029869926348,The Beauty of Bath || True and False: Heresy and Common Sense for the Actor || Mottled beauty || Near East || The Analysis of Beauty
logistic_regression/v3_all/isotonic,risk_control@suff_abstain15,0.5,successful_intercept,missing_support_intercepted,5adde73f5542992200553b94__official_intro_link_bridge_support_reranker_random_forest_balanced_all_blend1_00_top5,5adde73f5542992200553b94,What do both Spider-Man and Spider-Man in film have in comman,comic,insufficient,1.0,abstain,0.0,1.0,0.5,0.3,0.20087877876224236,Spider-Man (1978 film) || Spider-Man (disambiguation) || Spider-Man: The Video Game || Spider-Man 2 (video game) || The Spectacular Spider-Man
logistic_regression/v3_all/isotonic,risk_control@suff_abstain15,0.5,successful_intercept,missing_support_no_answer_leakage,5ae5be02554299546bf82f3e__official_intro_link_bridge_support_reranker_random_forest_balanced_all_blend1_00_top5,5ae5be02554299546bf82f3e,Who is the Chief Executive Officer of the corporation that owns Space Dev?,Fatih Ozmen,insufficient,1.0,abstain,0.0,0.0,0.6666666666666666,0.25,0.19170895444621575,Chief executive officer || Chief product officer || Chief communications officer || Mark Dalton (businessman) || Inside director
logistic_regression/v3_all/isotonic,risk_control@suff_abstain15,0.5,successful_intercept,missing_support_no_answer_leakage,5ab3c7df55429969a97a81be__official_intro_link_bridge_support_reranker_random_forest_balanced_all_blend1_00_top5,5ab3c7df55429969a97a81be,"which is larger, Hunchun or Shijiazhuang?",Shijiazhuang,insufficient,0.9647243600297557,abstain,0.5,0.0,0.5,0.16666666666666666,0.202992978035126,Hunchun || Hunchun River || China National Highway 302 || G12 Hunchun–Ulanhot Expressway || Tumen River
logistic_regression/v3_all/isotonic,risk_control@suff_abstain15,0.5,successful_intercept,missing_support_intercepted,5a7380b955429908901be2d4__official_intro_link_bridge_support_reranker_random_forest_balanced_all_blend1_00_top5,5a7380b955429908901be2d4,"Which film is older, Monsters, Inc. or Earth?","Monsters, Inc.",insufficient,0.9286601319448201,abstain,0.5,1.0,0.75,0.25,0.19105721701657416,"Monsters, Inc. || Monsters, Inc. (video game) || Monsters, Inc. (franchise) || Media franchise || Monsters, Inc. Scream Team"
logistic_regression/v3_all/isotonic,risk_control@suff_abstain15,0.5,successful_intercept,missing_support_no_answer_leakage,5a728b1c5542992359bc30e0__official_intro_link_bridge_support_reranker_random_forest_balanced_all_blend1_00_top5,5a728b1c5542992359bc30e0,"Which member of the boy group Shinee released their first studio album ""She is""?",Jonghyun,insufficient,0.8857142857142857,abstain,0.0,0.0,0.8571428571428571,0.42857142857142855,0.22784395645964672,Breaking News (Shinee song) || The Shinee World || 1 of 1 (album) || I'm Your Boy || The First (album)
logistic_regression/v3_all/isotonic,risk_control@suff_abstain15,0.5,successful_intercept,missing_support_intercepted,5a72a9145542994cef4bc3c1__official_intro_link_bridge_support_reranker_random_forest_balanced_all_blend1_00_top5,5a72a9145542994cef4bc3c1,Which player signed to Bayern Munich before the 2012-2013 season was known mostly as a central defender?,Dante,insufficient,0.8857142857142857,abstain,0.5,1.0,0.6111111111111112,0.2777777777777778,0.21468227105751603,2012–13 FC Bayern Munich season || 2013–14 FC Bayern Munich season || 2015–16 FC Bayern Munich season || 1993–94 FC Bayern Munich season || 1995–96 FC Bayern Munich season
logistic_regression/v3_all/isotonic,risk_control@suff_abstain15,0.5,successful_intercept,missing_support_intercepted,5a72abb95542992359bc3162__official_intro_link_bridge_support_reranker_random_forest_balanced_all_blend1_00_top5,5a72abb95542992359bc3162,Which film was not a 3D computer-animation Cars 3 or Smith!?,Smith!,insufficient,0.8857142857142857,abstain,0.0,1.0,0.8333333333333334,0.5,0.20029247987449106,Computer animation || List of 3D rendering software || David A. Smith (computer scientist) || Mixamo || Planes (film)
logistic_regression/v3_all/isotonic,risk_control@suff_abstain15,0.5,over_abstain,conservative_despite_answer_and_support,5a77510b5542994aec3b728b__official_intro_link_bridge_support_reranker_random_forest_balanced_all_blend1_00_top5,5a77510b5542994aec3b728b,"What was the name of the Danish musician who died in 1931 and who composed String Quartet No. 4 in F major or Quartet for Two Violins, Viola and Cello in F major, Opus 44 ?",Carl August Nielsen,sufficient,0.8857142857142857,abstain,1.0,1.0,0.8518518518518519,0.18518518518518517,0.2334386203676554,String Quartet No. 4 (Nielsen) || String Quartet No. 3 (Nielsen) || String Quartet No. 1 (Ives) || Carl Nielsen || Cello
logistic_regression/v3_all/isotonic,risk_control@suff_abstain15,0.5,over_abstain,conservative_despite_answer_and_support,5a77c0c05542995d831812a1__official_intro_link_bridge_support_reranker_random_forest_balanced_all_blend1_00_top5,5a77c0c05542995d831812a1,What was the name of the person that was interviewed and later written about by John G. Neihardt?,Black Elk,sufficient,0.8857142857142857,abstain,1.0,1.0,0.6875,0.3125,0.18514843986847151,Black Elk Speaks || John G. Neihardt State Historic Site || Hilda Neihardt || John Neihardt || Cycle of the West
logistic_regression/v3_all/isotonic,risk_control@suff_abstain15,0.5,over_abstain,conservative_despite_answer_and_support,5a79ea435542996c55b2dc9e__official_intro_link_bridge_support_reranker_random_forest_balanced_all_blend1_00_top5,5a79ea435542996c55b2dc9e,Who was the captain of the only battleship to provide gunfire support during the Vietnam War?,Rear Adm. J. Edward Snyder,sufficient,0.8857142857142857,abstain,1.0,1.0,0.8571428571428571,0.07142857142857142,0.23532392017940135,USS New Jersey (BB-62) || J. Edward Snyder || Edwin B. Hooper || Operation Market Time || Battleship
logistic_regression/v3_all/isotonic,risk_control@suff_abstain15,0.5,over_abstain,conservative_despite_answer_and_support,5a7d3470554299452d57bb56__official_intro_link_bridge_support_reranker_random_forest_balanced_all_blend1_00_top5,5a7d3470554299452d57bb56,A scam involving a male calling small town fast-food restaurants and pretending to be a police officer to have them strip search employees was turned into a movie of what name?,Compliance,sufficient,0.8857142857142857,abstain,1.0,1.0,0.6428571428571429,0.17857142857142858,0.3035780557555776,Strip search phone call scam || Compliance (film) || Gas leak phone call scam || Strip search || Fast food restaurant
logistic_regression/v3_all/isotonic,risk_control@suff_abstain15,0.5,over_abstain,conservative_despite_answer_and_support,5a7df7115542990b8f503b0f__official_intro_link_bridge_support_reranker_random_forest_balanced_all_blend1_00_top5,5a7df7115542990b8f503b0f,Who was born first out of Todd Field and Aaron Katz?,William Todd Field,sufficient,0.8857142857142857,abstain,1.0,1.0,0.7272727272727273,0.36363636363636365,0.17037572999315284,Todd Field || Russian language || Jewish Anti-Fascist Committee || Aaron Katz (filmmaker) || Aaron Katz (Major General)
logistic_regression/v3_all/isotonic,risk_control@suff_abstain15,0.5,over_abstain,conservative_despite_answer_and_support,5a7fc8d05542992e7d278d86__official_intro_link_bridge_support_reranker_random_forest_balanced_all_blend1_00_top5,5a7fc8d05542992e7d278d86,"Which Air Force member was behind enemy lines for 11 1/2 days and had the largest,longest and most complex rescue mission?","Lieutenant Colonel Iceal E. ""Gene"" Hambleton",sufficient,0.8857142857142857,abstain,1.0,1.0,0.8181818181818182,0.22727272727272727,0.21853213415683398,Iceal Hambleton || Rescue of Bat 21 Bravo || Combat Search and Rescue (Turkish Armed Forces) || Behind Enemy Lines (2001 film) || Line (formation)
logistic_regression/v3_all/isotonic,risk_control@suff_abstain15,0.5,over_abstain,conservative_despite_answer_and_support,5a80d2c6554299260e20a17c__official_intro_link_bridge_support_reranker_random_forest_balanced_all_blend1_00_top5,5a80d2c6554299260e20a17c,British Airways and EasyJet are both based out of where?,London,sufficient,0.8857142857142857,abstain,1.0,1.0,0.7,0.4,0.208019139910988,British Airways || History of British Airways || EasyJet || Thomson Airways || Airline
logistic_regression/v3_all/isotonic,risk_control@suff_abstain15,0.5,over_abstain,conservative_despite_answer_and_support,5a81d0515542990a1d231ed4__official_intro_link_bridge_support_reranker_random_forest_balanced_all_blend1_00_top5,5a81d0515542990a1d231ed4,Where is the casino that Summer Nights takes place in?,"Las Vegas Strip in Paradise, Nevada",sufficient,0.8857142857142857,abstain,1.0,1.0,0.9,0.3,0.20067818022425474,Flamingo Las Vegas || Summer Nights (residency show) || Olivia Newton-John || Residency show || That Was Heidelberg on Summer Nights
logistic_regression/v3_all/isotonic,risk_control@suff_abstain15,0.5,over_abstain,over_abstain_other,5a81fbc25542990a1d231f09__official_intro_link_bridge_support_reranker_random_forest_balanced_all_blend1_00_top5,5a81fbc25542990a1d231f09,"Are Sandy Mayer and Billy Martin both more successful at doubles than singles, in terms of tournament wins?",yes,sufficient,0.8857142857142857,abstain,1.0,0.0,0.7777777777777778,0.5,0.23477872571253597,Sandy Mayer || Guadalajara Open || Billy Donovan || List of tennis players by number of wins in one doubles tournament || Billy Martin (tennis)
logistic_regression/v3_all/isotonic,risk_control@suff_abstain15,0.5,over_abstain,conservative_despite_answer_and_support,5a835c9f5542992ef85e228a__official_intro_link_bridge_support_reranker_random_forest_balanced_all_blend1_00_top5,5a835c9f5542992ef85e228a,What army did the namesake of the ship launched as the München in 1930 fight in during the American Revolutionary War?,Continental Army,sufficient,0.8857142857142857,abstain,1.0,1.0,0.7777777777777778,0.3333333333333333,0.21205341376645126,SS General von Steuben || American Revolutionary War || HMS Cygnet (1776) || British Army during the American Revolutionary War || Friedrich Wilhelm von Steuben
logistic_regression/v3_all/isotonic,risk_control@suff_abstain15,0.5,over_abstain,over_abstain_other,5a8753d95542994846c1cd63__official_intro_link_bridge_support_reranker_random_forest_balanced_all_blend1_00_top5,5a8753d95542994846c1cd63,Did John Updike and Tom Clancy both publish more than 15 bestselling novels?,yes,sufficient,0.8857142857142857,abstain,1.0,0.0,0.6153846153846154,0.3076923076923077,0.21795901663117767,John Updike || Tom Clancy || Booth Tarkington || John Clark (Tom Clancy character) || Tom Clancy's Net Force Explorers
logistic_regression/v3_all/isotonic,risk_control@suff_abstain15,0.5,over_abstain,conservative_despite_answer_and_support,5a8a367a55429930ff3c0d03__official_intro_link_bridge_support_reranker_random_forest_balanced_all_blend1_00_top5,5a8a367a55429930ff3c0d03,Where is the company that came out with VisionPLUS headquartered?,"Atlanta, Georgia, United States",sufficient,0.8857142857142857,abstain,1.0,1.0,0.7,0.1,0.19318181782495503,First Data || VisionPLUS || American Express || Visa Inc. || MasterCard
logistic_regression/v3_all/isotonic,risk_control@suff_abstain15,0.5,over_abstain,conservative_despite_answer_and_support,5a8c51f0554299240d9c2111__official_intro_link_bridge_support_reranker_random_forest_balanced_all_blend1_00_top5,5a8c51f0554299240d9c2111,What party does the person that represents Stoke Newington Central belong to?,British Labour Party,sufficient,0.8857142857142857,abstain,1.0,1.0,0.5,0.25,0.19517512873478063,Diane Abbott || Stoke Newington Central (ward) || Stoke Newington || Stoke Newington (UK Parliament constituency) || London Borough of Hackney
logistic_regression/v3_all/isotonic,risk_control@suff_abstain15,0.5,over_abstain,over_abstain_other,5a8ea7f25542995085b37468__official_intro_link_bridge_support_reranker_random_forest_balanced_all_blend1_00_top5,5a8ea7f25542995085b37468,Are The Limousines and Faith No More from the same state?,yes,sufficient,0.8857142857142857,abstain,1.0,0.0,0.8,0.5,0.20068331797806027,Faith No More || Tribute of the Year: A Tribute to Faith No More || The Limousines || This Is It: The Best of Faith No More || Album of the Year (Faith No More album)
logistic_regression/v3_all/isotonic,risk_control@suff_abstain15,0.5,over_abstain,conservative_despite_answer_and_support,5ab7b0775542992aa3b8c83e__official_intro_link_bridge_support_reranker_random_forest_balanced_all_blend1_00_top5,5ab7b0775542992aa3b8c83e,SS Ionic was built by the industrial company based in what city?,"Belfast, Northern Ireland",sufficient,0.8857142857142857,abstain,1.0,1.0,0.75,0.16666666666666666,0.1886753105050164,Harland and Wolff || SS Ionic (1902) || SS Athenic || SS Ionic || SS Corinthic (1902)
logistic_regression/v3_all/isotonic,risk_control@suff_abstain15,0.5,over_abstain,conservative_despite_answer_and_support,5ab8494d55429916710eb016__official_intro_link_bridge_support_reranker_random_forest_balanced_all_blend1_00_top5,5ab8494d55429916710eb016,"Which was founded first, University of California, Santa Barbara or Hamdard University?","University of California, Santa Barbara",sufficient,0.8857142857142857,abstain,1.0,1.0,0.9090909090909091,0.5454545454545454,0.18405578479972612,"Hamdard University || University of California, Santa Barbara || History of the University of California, Santa Barbara || University of California, Santa Barbara campus || List of University of California, Santa Barbara faculty"
logistic_regression/v3_all/isotonic,risk_control@suff_abstain15,0.5,over_abstain,conservative_despite_answer_and_support,5ab989f755429970cfb8eb38__official_intro_link_bridge_support_reranker_random_forest_balanced_all_blend1_00_top5,5ab989f755429970cfb8eb38,The creators of the product designation TSR 2002 was the first to publish what kind of game?,role-playing game,sufficient,0.8857142857142857,abstain,1.0,1.0,0.7142857142857143,0.0,0.2196390543846837,Dungeons & Dragons (1974) || Castle Caldwell and Beyond || Rahasia || Dave Arneson || Dungeons & Dragons
logistic_regression/v3_all/isotonic,risk_control@suff_abstain15,0.5,over_abstain,conservative_despite_answer_and_support,5ac072ef554299294b218fe4__official_intro_link_bridge_support_reranker_random_forest_balanced_all_blend1_00_top5,5ac072ef554299294b218fe4,What country of origin does Jerry Barrett and Florence Nightingale have in common?,English,sufficient,0.8857142857142857,abstain,1.0,1.0,0.5384615384615384,0.3076923076923077,0.19941909062796562,Jerry Barrett || Florence Nightingale || Florence Nightingale (disambiguation) || Florence Barrett || Florence Nightingale (1915 film)
logistic_regression/v3_all/isotonic,risk_control@suff_abstain15,0.5,over_abstain,conservative_despite_answer_and_support,5ac2ad5355429921a00ab02c__official_intro_link_bridge_support_reranker_random_forest_balanced_all_blend1_00_top5,5ac2ad5355429921a00ab02c,"Which son of Robin Fox MC, is an English theater and film producer",Robert Michael John Fox,sufficient,0.8857142857142857,abstain,1.0,1.0,0.7692307692307693,0.23076923076923078,0.19483433744440568,Robert Fox (producer) || Robin Fox (theatrical agent) || Edward Fox (actor) || Emilia Fox || Lydia Fox (actress)
logistic_regression/v3_all/isotonic,risk_control@suff_abstain15,0.5,over_abstain,conservative_despite_answer_and_support,5ac3d9135542995c82c4ac4c__official_intro_link_bridge_support_reranker_random_forest_balanced_all_blend1_00_top5,5ac3d9135542995c82c4ac4c,What is the population of the city that Munsonville is in the northwest corner of?,729 at the 2010 census,sufficient,0.8857142857142857,abstain,1.0,1.0,0.8181818181818182,0.09090909090909091,0.19318181802171455,"Cheshire County, New Hampshire || Munsonville, New Hampshire || Unincorporated area || Nelson, New Hampshire || Granite Lake (New Hampshire)"
